-0.07245839387178421,0.026810980588197707,0.0432432733476162,-0.014873108454048633,-0.08972657322883607,-0.09509174227714538,0.0009827274829149247,-0.1505698084831238,0.07958314716815948,-0.05339985564351082,0.25328231751918795,-0.04653322175145149,-0.22806187570095063,-0.13643518686294556,-0.017603986151516437,0.15253685116767884,-0.10114192217588425,-0.13330258727073668,-0.09069799333810806,-0.013056323491036892,0.0038327344227582216,-0.040173260122537614,0.10036086440086364,-0.004458666453137994,-0.027391485497355463,-0.3420033037662506,-0.12845087051391602,-0.07295537292957306,0.02821058891713619,0.003129188995808363,-0.07413107752799988,0.0873563751578331,-0.12200229167938233,-0.08846149295568466,0.0693870522081852,0.11604895144701004,-0.007965365308336914,-0.05103548839688301,0.21858651638031007,-0.01766101233661175,-0.19301464259624482,-0.035193274915218356,0.06369406878948211,0.22720567286014556,0.13126672059297562,0.09974364191293716,0.052613260596990584,-0.08440622091293334,0.06473849713802338,-0.16412656903266906,0.11450275778770447,0.1073941171169281,0.13634920120239258,0.0007447108626365661,0.031027618423104288,-0.14588709473609923,0.028733780980110167,0.10342210680246353,-0.12579910904169084,-0.04169778749346733,0.08213846087455749,-0.08232483267784119,-0.0824659913778305,-0.10597708076238632,0.28884795904159544,0.14261800348758696,-0.11227319091558456,-0.10760292708873749,0.13591209352016448,-0.11785928159952164,-0.09508724361658097,-0.026745685189962388,-0.1771749436855316,-0.0990257129073143,-0.29701138734817506,0.030768251791596413,0.36928945779800415,0.06692790538072586,-0.18081511557102203,0.024347353354096414,-0.04347875565290451,0.02155725471675396,0.07930958718061447,0.11199101507663727,-0.10760356932878494,0.07210593968629837,-0.13277641236782073,-0.06480396911501884,0.15764489769935608,-0.10532682240009308,-0.030792586505413055,0.14119920134544373,-0.019302354007959367,0.1117587149143219,0.05174277052283287,-0.03554013818502426,-0.024389125034213067,0.020109856501221657,-0.14736952781677246,-0.007654089108109474,0.09398617148399353,-0.06186691299080849,0.011674235947430134,0.07860826700925827,-0.15176651179790496,0.02433121595531702,-0.02359973415732384,0.008618119359016418,0.0557026319205761,-0.04271024614572525,-0.07526150941848755,-0.12110399603843688,0.1095505803823471,-0.1939949631690979,0.1699129104614258,0.18246820867061614,0.02696671672165394,0.11632130146026612,0.1440519005060196,0.11103589683771134,0.001371166855096817,0.01855108477175236,-0.1877190500497818,-0.026955065503716468,0.12839658558368683,-0.004427019972354174,0.06039411723613739,0.04712045565247536
-0.09898247271776199,0.04948346391320228,0.07932685613632202,-0.0355947146192193,-0.06727711260318756,-0.03278777478262782,-0.09186100959777832,-0.09317194372415542,0.11216242909431458,-0.08414052054286003,0.15613468885421752,-0.06854012981057167,-0.20256053507328034,-0.030433314060792326,-0.08494213819503785,0.15375640392303466,-0.10697420388460159,-0.11606222540140151,-0.04441632628440857,-0.04338974989950657,0.10982983112335205,0.020684630051255225,-0.014510140009224414,0.023725925013422966,-0.14184037297964097,-0.3248359501361847,-0.10620405077934265,-0.07397896759212017,-0.03796790950000286,-0.04270334858447313,-0.042668388970196244,0.028219225257635115,-0.15800801515579224,-0.025415056198835374,0.01970759769901633,0.051468948274850844,0.007207338511943817,-0.032771162874996665,0.16331662535667418,0.032074741646647455,-0.20893213748931885,0.057437315583229065,0.039659636095166206,0.21658143699169158,0.18039173185825347,0.09246134907007217,0.04649619348347187,-0.1442658543586731,0.08932297825813293,-0.15926696956157685,0.038447583094239235,0.15131574869155884,0.049608864821493626,0.0807045929133892,-0.0010561192408204078,-0.12449289709329606,0.026143470779061317,0.07818801030516624,-0.1032002478837967,0.024885625345632434,0.05434513054788113,-0.07583003789186478,-0.04631405360996723,-0.047348757088184354,0.21720679998397827,0.07080398872494698,-0.11488083004951477,-0.16836765110492707,0.12686039507389069,-0.13502944707870485,-0.10827526450157166,0.027783479541540146,-0.15572047531604766,-0.1326886385679245,-0.31015024781227113,0.04965012110769749,0.434573632478714,0.06870324760675431,-0.20947715044021606,0.06834544613957405,-0.07159041911363602,0.023264536913484336,0.12942325919866562,0.1271648272871971,-0.0463104497641325,0.003581814281642437,-0.03521999642252922,-0.0022092197090387345,0.23238836526870726,-0.051984026283025744,-0.050776145234704015,0.15308412462472915,0.012029727175831794,0.10213387459516525,0.027355526201426984,0.04749154895544052,-0.06425662152469158,0.0363313190639019,-0.08271722048521042,-0.014943433739244939,0.08712943270802498,0.0008395615965127945,0.017581234406679868,0.123092882335186,-0.17773154079914094,0.1586683914065361,-0.001041050348430872,0.0017172731459140778,0.036139854416251185,0.058988992124795914,-0.1074371486902237,-0.04731366317719221,0.13019026517868043,-0.2156634360551834,0.1963877946138382,0.19328667521476744,0.06240906491875649,0.10225189626216888,0.13605369627475739,0.09243350774049759,0.0009922325611114503,0.054709112644195555,-0.1939629316329956,-0.04179740622639656,0.10659010857343673,0.00326570812612772,0.07021728307008743,0.023053348902612923
-0.11866002827882767,0.10462074279785157,0.05524144023656845,-0.01911056451499462,-0.10034920275211334,-0.08350597023963928,-0.06145161166787148,-0.11777730286121368,0.12591078579425813,-0.0851268857717514,0.2905103325843811,0.019169832020998,-0.179523304104805,-0.13888108134269714,-0.002322967350482941,0.17473206520080567,-0.21037290692329408,-0.10380643904209137,-0.01129083214327693,0.019738633558154105,0.08286448121070862,-0.02523783587384969,0.06151069812476635,0.06486322656273842,-0.028903166204690932,-0.37169855237007143,-0.1267188474535942,-0.07502827346324921,0.03827531654387713,-0.03858893625438213,-0.027409327775239946,-0.0009555435739457607,-0.20004141628742217,-0.04978546984493733,0.006840249337255955,0.007928148284554482,-0.005494176782667637,-0.013398781139403581,0.1908712387084961,0.00655429782345891,-0.2186957538127899,0.03740838468074799,-0.0008871452882885933,0.22745471000671386,0.1655099183320999,0.05651243031024933,0.051488039642572404,-0.13137701749801636,0.060278475284576416,-0.08836811184883117,0.059349602460861205,0.1512729823589325,0.14791039675474166,-0.0031602449715137483,-0.044873925298452376,-0.14970557689666747,-0.037815241143107414,0.10648880898952484,-0.1492195338010788,0.048748168349266055,0.08841293901205063,-0.08372604101896286,-0.06425083130598068,-0.10147067308425903,0.26112739741802216,0.0796056866645813,-0.16897993087768554,-0.19368088245391846,0.1287928879261017,-0.1113175854086876,-0.05611659586429596,0.08620117604732513,-0.186581090092659,-0.19112048745155336,-0.2959927797317505,0.041042305529117584,0.38514097332954406,0.05797320753335953,-0.2172335147857666,-0.034847705811262134,-0.130436272919178,0.007226903270930052,0.05122279971837997,0.17511164247989655,-0.01848094966262579,-0.0031865915283560754,-0.09141676872968674,-0.015796823613345622,0.15351819694042207,-0.04813709110021591,-0.05625210776925087,0.22898927330970764,-0.002384689822793007,0.10147513747215271,-0.034809846058487894,0.002120563015341759,-0.018296989426016808,0.026925181970000267,-0.09579751044511794,-0.005265860538929701,-0.04828571509569883,-0.06238381192088127,-0.02616237532347441,0.08260054290294647,-0.1329568773508072,0.08669064491987229,0.028736138250678778,0.05410307869315147,0.011886397376656532,0.05222448483109474,-0.132644160091877,-0.1292000010609627,0.1052633136510849,-0.24940019845962524,0.258947491645813,0.21037907600402833,0.10646204948425293,0.11966428756713868,0.09013103693723679,0.12722916007041932,-0.029811379499733448,-0.046486389636993405,-0.17705016434192658,0.023410361632704733,0.08786427080631257,-0.05868853703141212,0.10135480016469955,-0.0015985549427568913
-0.12078703492879868,0.08945689499378204,0.0025028743781149386,-0.03856790754944086,-0.09010529071092606,-0.04010358266532421,-0.06105729416012764,-0.09231843799352646,0.12476027458906173,-0.06034344285726547,0.17789552807807923,-0.06307379752397538,-0.1888117790222168,-0.09772221446037292,-0.04443519711494446,0.18221583366394042,-0.19706087708473205,-0.12871179282665252,-0.002038043737411499,0.036367008462548256,0.11160389482975006,0.0037399062886834143,0.018209876865148543,0.071405179053545,-0.1219285786151886,-0.3837407290935516,-0.11313954591751099,-0.08977951407432556,-0.007668679021298886,-0.07813775241374969,-0.011212117969989777,0.08167775124311447,-0.15953833162784575,-0.03608519099652767,0.02452907767146826,0.06018156334757805,0.04037868119776249,-0.03767351843416691,0.1971581310033798,0.03779547400772572,-0.24522946178913116,0.06943592429161072,0.05084999576210976,0.27876784801483157,0.19652681052684784,0.03930303081870079,0.04252767264842987,-0.1224407896399498,0.1426640570163727,-0.12543197572231293,-0.020058872923254967,0.16021585762500762,0.08773856833577157,-0.003837314434349537,-0.0009621270932257175,-0.08330512642860413,0.034810686856508254,0.042148794233798983,-0.15846472680568696,0.0013219551648944617,0.07778712809085846,-0.019374833442270756,-0.014911900926381349,-0.07513638734817504,0.2041291505098343,0.01356269819661975,-0.10826594084501266,-0.18371394276618958,0.14036101400852202,-0.15245309770107268,-0.08795111924409867,0.05798977017402649,-0.17542046308517456,-0.1692443996667862,-0.29681684970855715,-0.026144221425056458,0.391066575050354,0.06668702736496926,-0.20489965975284577,0.10070632696151734,-0.08110923767089843,-0.032681618630886075,0.09860117509961128,0.156594917178154,-0.017247054912149905,0.030857596173882486,-0.08470599502325057,-0.01297228056937456,0.26201840937137605,-0.033326076343655586,-0.02176443350035697,0.21245458126068115,0.0383604833856225,0.08503625392913819,0.03751503396779299,-0.007031702995300293,-0.05116795673966408,0.02855036687105894,-0.1172676607966423,-0.015531523618847132,0.003585515823215246,-0.04906277284026146,-0.016018644161522388,0.12449550926685334,-0.18985278010368348,0.14934964329004288,0.021248893439769746,0.05220599547028541,0.007111356034874916,0.0663620412349701,-0.1438295066356659,-0.060727450996637344,0.13257110714912415,-0.22135999500751496,0.16271935999393464,0.17680682241916656,0.061392472684383394,0.05486368834972381,0.11978132426738738,0.08830657750368118,-0.03254380002617836,0.033558876067399976,-0.2049562692642212,-0.02640699315816164,0.10575234144926071,-0.060084592550992966,0.07180216759443284,-0.0026938420720398425
-0.0741666853427887,0.08769498020410538,0.047895126044750214,0.008900958113372326,-0.1158038005232811,-0.03645327687263489,-0.10014325380325317,-0.09741505980491638,0.05198712274432182,-0.10628308355808258,0.2995801866054535,-0.06906237453222275,-0.1977389007806778,-0.13729546964168549,-0.06233569234609604,0.19890373945236206,-0.21740421652793884,-0.1241106390953064,-0.05770297348499298,0.01493240799754858,0.12309838831424713,-0.004476488102227449,0.046802546828985214,0.011198820546269417,-0.10531354695558548,-0.3495759963989258,-0.08674392104148865,-0.06078174337744713,0.03320937231183052,-0.08445915579795837,-0.05823666602373123,-0.015070110559463501,-0.2810712456703186,-0.09654274582862854,0.018926288932561874,0.034754905849695206,-0.06267757713794708,-0.07274531573057175,0.20736077427864075,-0.05305399373173714,-0.21455325186252594,0.06510499119758606,0.0538296140730381,0.1982225924730301,0.18361108005046844,0.09667348116636276,-0.027676157653331757,-0.11945536732673645,0.12402961403131485,-0.21997253596782684,0.10701210796833038,0.12902303040027618,0.1156463623046875,0.06079016625881195,-2.5845132768154144e-05,-0.14168526232242584,0.05075087398290634,0.10956773161888123,-0.1311803013086319,-0.020414143800735474,0.05254853516817093,-0.07136306911706924,-0.010300464928150177,-0.10009653121232986,0.1993519514799118,0.03350457176566124,-0.06903745234012604,-0.2044268250465393,0.10949377715587616,-0.09856463968753815,-0.06224009767174721,0.1169489175081253,-0.12799330055713654,-0.19059564173221588,-0.3807346522808075,0.031572259962558746,0.4098835289478302,0.10600016266107559,-0.2040458619594574,0.029511455446481705,0.013793080113828182,-0.011406433768570423,0.1279854029417038,0.10396655648946762,-0.0030008163303136826,0.004417081363499165,-0.13398347795009613,0.0441107451915741,0.19122812151908875,-0.08779384195804596,-0.10810456424951553,0.20445001125335693,-0.0038858940824866295,0.10385631024837494,0.0597977489233017,0.014207924716174603,-0.035504892468452454,0.03838526830077171,-0.13489584624767303,0.030518151819705963,0.07553504407405853,0.02630685269832611,-0.07131856679916382,0.11688633263111115,-0.06488867104053497,0.09978215396404266,-0.040701258927583694,0.026788633316755295,-0.02583623118698597,-0.05484389886260033,-0.16168604791164398,-0.032901834696531296,0.0815601721405983,-0.24687351286411285,0.24083326756954193,0.15211035311222076,0.05198259279131889,0.11247693002223969,0.14939159154891968,0.048362720757722855,-0.023021342232823372,-0.0191781148314476,-0.2871764600276947,-0.06631247699260712,0.1618380844593048,-0.03838607668876648,0.15206784009933472,0.005859242752194405
-0.02012189067900181,0.11197167634963989,0.0032697987742722036,-0.04571627676486969,-0.008338173851370811,-0.08641319572925568,-0.06483977064490318,-0.14093563258647918,0.16187583804130554,-0.09203519970178604,0.1880414754152298,-0.01751287505030632,-0.21823593974113464,-0.13169264793395996,0.0004272504709661007,0.19112127721309663,-0.17219759225845338,-0.13058330863714218,-0.08266599476337433,0.0007914054207503795,0.07026367038488388,0.025821567699313163,0.046674353629350664,0.04086184948682785,-0.10550381690263748,-0.23539983630180358,-0.11429499387741089,-0.06867246329784393,-0.06093764379620552,-0.027488573268055917,-0.032097610831260684,0.057046934962272644,-0.17709143757820128,-0.10938087105751038,0.0704763188958168,0.06364149749279022,-0.07811707109212876,-0.04927643910050392,0.18817455768585206,-0.027214624732732774,-0.21013671159744263,0.01968497335910797,0.09342204481363296,0.24355242550373077,0.19464538395404815,0.015386618860065936,-0.009128527715802193,-0.17825719714164734,0.13841077387332917,-0.15605507493019105,0.0869169682264328,0.15480842292308808,0.06337712928652764,0.11950609982013702,0.08640090823173523,-0.10530548840761185,0.10095026940107346,0.13609899580478668,-0.10269796550273895,0.005774192605167627,0.12065984308719635,-0.05125678181648254,-0.04356019720435143,-0.05291931852698326,0.17439396381378175,0.029338497668504715,-0.10388529449701309,-0.18821379244327546,0.08005828708410263,-0.1086586743593216,-0.1237093985080719,0.11194213777780533,-0.16241901218891144,-0.19954288005828857,-0.32898316979408265,-0.0042918968945741655,0.32962195873260497,0.11277270615100861,-0.22038694024085997,0.05829429924488068,0.017067222855985165,-0.01643763277679682,0.18210824728012084,0.1470041811466217,-0.0005448367446660995,0.02403853237628937,-0.10660905987024308,0.014529429376125336,0.21213060915470122,-0.06727111116051673,-0.05939606577157974,0.23283150792121887,0.019843482598662376,0.04945852160453797,0.04216194301843643,0.022894082963466643,-0.02873820848762989,0.038820544630289076,-0.220488977432251,-0.03546650186181068,0.12957333773374557,0.01356149110943079,-0.060052864253520966,0.1157832309603691,-0.07485013753175736,0.10881018191576004,0.05136499106884003,0.0667041152715683,0.011042550392448901,-0.02365972436964512,-0.14486425817012788,-0.07513786107301712,0.11368221491575241,-0.15995890498161316,0.20476170480251313,0.1033895879983902,0.03568335399031639,0.024059905856847762,0.11486430317163468,0.1077899768948555,-0.030190618336200715,-0.04150684997439384,-0.21531684398651124,-0.015748514607548714,0.14859866797924043,0.04212938323616981,0.1125662937760353,-0.014485090039670467
-0.08841577172279358,-0.03119088113307953,0.05266273058950901,-0.06804699450731277,-0.08385798931121827,-0.03073248565196991,-0.046442797780036925,-0.02157630641013384,0.07746524438261986,-0.11467188745737075,0.182556813955307,-0.04295765720307827,-0.18258519172668458,-0.08026009500026703,0.0008358621969819068,0.15416353642940522,-0.09841879308223725,-0.16296256482601165,-0.01266733929514885,-0.035014744848012924,-0.014653111528605222,0.030720298923552037,-0.07926511466503143,0.058654860034585,-0.1523409366607666,-0.32072392106056213,-0.0268535646609962,-0.05494496151804924,-0.05238791853189469,-0.0143867501989007,-0.07369603663682937,0.09177358224987983,-0.16123172640800476,-0.04074723646044731,0.07655187919735909,0.12862649112939833,-0.02166701015084982,-0.012086378410458565,0.14122254550457,0.08137566894292832,-0.2094093918800354,0.01223699413239956,0.06270400211215019,0.2941485345363617,0.18527184426784515,0.03812028132379055,-0.008491282537579536,-0.05776356942951679,0.10995441377162933,-0.32390589118003843,0.108174629509449,0.11278399378061295,0.11445945650339126,0.004590312205255032,0.07065723687410355,-0.12005268335342408,0.009970679134130477,0.10900312513113022,-0.1759847193956375,0.0703879401087761,0.017619496397674083,-0.02834695503115654,-0.03602393046021461,-0.08306128419935703,0.17378904521465302,0.11144054979085923,-0.10739830136299133,-0.06983354464173316,0.1639750063419342,-0.1492360770702362,-0.09028232395648957,0.006265151128172874,-0.07256416529417038,-0.2122715413570404,-0.29650009870529176,0.05044373497366905,0.31161288619041444,0.19991107881069184,-0.2455011636018753,0.044648047909140585,0.018851077184081078,0.01995130372233689,0.1686452329158783,0.0662530891597271,-0.02561055272817612,-0.008143450878560544,-0.05746365934610367,-0.011756016127765178,0.20831363499164582,0.013259268179535866,-0.020400830917060374,0.18977652490139008,0.007079467922449112,0.014790920354425908,0.08795363306999207,0.042069822922348975,-0.04563320949673653,-0.022867858968675138,-0.20935969650745392,-0.05842985510826111,0.06591349691152573,-0.05457268059253693,0.019337290711700917,0.1445772260427475,-0.21917303502559662,0.14780511409044267,-0.009795700991526246,-0.042407169193029406,0.04696795716881752,0.03753610807470977,-0.0754172906279564,-0.04663521647453308,0.10329999923706054,-0.17197782099246978,0.1389036387205124,0.16466590762138367,0.039606957137584685,0.14012115746736525,0.11376743018627167,-0.008087685890495777,0.007713424228131771,-0.06745443120598793,-0.16470181941986084,-0.08249315842986107,0.05323593653738499,-0.02750682132318616,0.06640546023845673,0.04017682448029518
-0.12844037413597106,0.05478612035512924,-0.009505093563348055,-0.058433973044157025,-0.08302523493766785,-0.016326343268156053,-0.048135200142860414,-0.19659308195114136,0.1638761043548584,-0.11205668896436691,0.2768548548221588,-0.05138528645038605,-0.21934521496295928,-0.14784034192562104,-0.08057858198881149,0.144155615568161,-0.21826477646827697,-0.12875261157751083,-0.054660958051681516,0.010681129433214665,0.04445885121822357,-0.06393617391586304,0.015364953968673944,0.09041658341884613,-0.10958608835935593,-0.39283549785614014,-0.08563945144414901,-0.11798168271780014,-0.03657665643841028,-0.07836710959672928,-0.037870341539382936,0.029154577106237412,-0.2304942190647125,-0.031255467981100085,-0.028457929939031602,-0.0018195091746747495,-0.01029278989881277,-0.0313005592674017,0.19496021270751954,0.0005601540207862854,-0.22719359993934632,0.07517721354961396,-0.005348461307585239,0.23043399155139924,0.1882147818803787,0.034241999685764316,-0.020396266132593155,-0.1048296794295311,0.12188282907009125,-0.16656040251255036,0.020852827467024326,0.16770133078098298,0.11479536592960357,-0.05601610094308853,0.006373873353004456,-0.11799295395612716,-0.06586986556649208,0.07153369039297104,-0.18032648265361786,0.0012250784784555435,0.04477840587496758,-0.0766578584909439,-0.0553445003926754,-0.13276816308498382,0.16412684619426726,0.11698147505521775,-0.1182520255446434,-0.1893302619457245,0.09319513887166977,-0.1724444717168808,-0.032734190300107005,0.026648935303092,-0.15747652649879457,-0.2627651333808899,-0.32182605266571046,0.07135767266154289,0.3669156670570374,0.1659797191619873,-0.17366928458213807,0.03784236460924149,-0.09305415749549865,-0.019910681620240213,0.0775944322347641,0.07908804267644882,-0.020307300984859465,0.018807800486683846,-0.056260307878255846,0.00614344272762537,0.16163500845432283,-0.03697363659739494,-0.06250261962413788,0.2345709264278412,-0.07713549137115479,0.02671198472380638,-0.02572648636996746,-0.06750848442316056,-0.07496650069952011,0.0685807265341282,-0.11081381887197495,0.036582157388329505,-0.014075473882257938,0.0025058679282665254,0.05261700004339218,0.059158536791801455,-0.14953531324863434,0.053288016468286514,-0.015778307802975178,-0.013446164596825839,0.009046256449073553,0.020390671864151954,-0.1879894405603409,-0.09409334063529969,0.1167717844247818,-0.28336830735206603,0.24721491932868958,0.1709745556116104,0.14119210541248323,0.13422758579254152,0.1322263166308403,0.00946697909384966,0.00029507093131542206,0.04753194972872734,-0.16707595884799958,-0.025555487722158432,0.14989177584648133,-0.03496640771627426,0.13274113535881044,-0.03721927925944328
-0.15176247358322142,0.0407445952296257,0.008187190163880587,-0.023598069325089455,-0.06300537139177323,-0.0651288464665413,-0.031747077405452725,-0.18431951701641083,0.11895118802785873,-0.1418718785047531,0.32578614354133606,-0.053871705383062365,-0.21136287748813629,-0.12159876227378845,-0.0705966979265213,0.14374190866947173,-0.19516477286815642,-0.06897793337702751,-0.025736656785011292,-0.012727981433272362,0.13232437074184417,-0.019258519262075426,0.04429890885949135,0.08976393789052964,-0.10614006817340851,-0.2893106281757355,-0.13583072125911713,-0.12164803892374039,0.01793487127870321,-0.049644383043050765,-0.015537090599536896,0.015231739915907382,-0.1634862869977951,-0.03602421022951603,-0.02457312270998955,0.09182678908109665,0.02497950792312622,-0.01811059582978487,0.17495040893554686,-0.03630625829100609,-0.2065253496170044,0.028158095292747022,0.025742397271096708,0.224210661649704,0.17238384783267974,0.05783021003007889,-0.0018186159431934357,-0.16227566003799437,0.1331712245941162,-0.18120466768741608,0.051020368188619616,0.10814878046512603,0.08772437423467636,0.05567451789975166,-0.021769089810550212,-0.15124036073684693,0.04161930531263351,0.07557723969221115,-0.13249437510967255,0.018260642327368258,0.05357098430395126,-0.10415023267269134,0.040169280022382736,-0.014100924786180257,0.23201683461666106,0.08486385643482208,-0.1267103761434555,-0.12276380062103272,0.1171054020524025,-0.19097533226013183,-0.07408947199583053,0.09621715992689132,-0.16372766196727753,-0.17955912053585052,-0.36073038578033445,0.024414652958512306,0.45478013157844543,0.07464266866445542,-0.16188039481639863,0.03724226448684931,-0.10479501485824586,0.003187478519976139,0.1460809051990509,0.14637584537267684,-0.009428477101027965,-0.00546679887920618,-0.13251310288906099,-0.008571788854897022,0.23359510898590088,-0.089219830930233,-0.04523843005299568,0.25556170642375947,-0.0013008087873458863,0.10075358748435974,0.07259078994393349,0.06604132056236267,-0.044746465235948565,-0.005553339421749115,-0.05990292876958847,0.028153220564126967,0.011361966282129288,-0.08029739931225777,-0.008017301373183728,0.053525599837303164,-0.171074977517128,0.10934077650308609,-0.0024113884661346673,0.022633176110684872,0.021088670194149017,-0.012329335510730743,-0.10980652719736099,-0.055918575078248975,0.13660278618335725,-0.24847204089164734,0.24127789437770844,0.17160093188285827,0.08070873022079468,0.1676836520433426,0.09929666668176651,0.12091342210769654,-0.07143797874450683,-0.02133019585162401,-0.13816328793764115,-0.007863908354192973,0.08448921293020248,-0.025104309991002084,0.103359554708004,-0.008654281776398421
-0.08191462755203247,0.0021973062306642533,0.07385431155562401,-0.030053755827248098,-0.03731239102780819,0.009478202741593122,-0.04679722785949707,-0.10514952093362809,0.1595698446035385,-0.12343429923057556,0.2808421730995178,-0.027218857780098915,-0.15128825306892396,-0.08626315891742706,0.028650029748678207,0.12602532505989075,-0.1442898541688919,-0.06769814342260361,-0.05839578658342361,-0.049722390994429586,0.022003585333004595,-0.055375178530812266,-0.0030522578628733752,0.0856421448290348,-0.13695515990257262,-0.4106123745441437,-0.16143045723438262,-0.06335046291351318,-0.02248204778879881,-0.0945637732744217,-0.07630137801170349,0.040292016416788104,-0.18832632303237914,-0.05250315666198731,-0.0652056023478508,0.05861439630389213,-0.07105848342180252,-0.05177614763379097,0.1556377202272415,0.033524357713758945,-0.16861274540424348,0.04272469207644462,0.005399126186966896,0.23638205826282502,0.19036105871200562,0.0646265685558319,0.03896637875586748,-0.029783182963728904,0.0651971310377121,-0.20769449174404145,0.05866928622126579,0.12736823856830598,0.06316930055618286,0.06091534793376922,-0.013075185939669609,-0.11129952222108841,-0.0487268328666687,0.07310659289360047,-0.12786900550127028,0.06085006892681122,0.007160734944045543,-0.1151793971657753,-0.029806955810636283,-0.017691642150748522,0.23587076961994172,0.1876134008169174,-0.11452365070581436,-0.1428638517856598,0.12678717076778412,-0.1450648069381714,-0.029932976048439742,0.0016321772709488869,-0.16794199347496033,-0.2314563661813736,-0.32634050846099855,0.12502767890691757,0.42313051223754883,0.05088984593749046,-0.17567048072814942,0.017401452362537383,-0.10290951430797576,-0.025368227623403072,0.12061646431684495,0.13183363080024718,-0.0076334323734045025,-0.010968278907239438,-0.04990343227982521,0.061066646873950955,0.21128242909908296,-0.02954868655651808,-0.043087410554289815,0.221744504570961,-0.030011195875704288,0.07307555079460144,0.04717640690505505,0.06921926215291023,-0.024201014079153538,0.05679618567228317,-0.10794091522693634,0.08328341096639633,0.04582268670201302,-0.04439162015914917,0.005102995783090591,0.06645922958850861,-0.16536220908164978,0.1536467880010605,0.04179210932925344,-0.015551725775003434,0.06364856138825417,0.03561849631369114,-0.19430815875530244,-0.11520912349224091,0.14906309247016908,-0.301484203338623,0.17255502939224243,0.21994165778160096,0.06884287223219872,0.16602033972740174,0.08403097465634346,0.10381782203912734,0.01649451218545437,0.006629105471074581,-0.17702528834342957,0.03587347194552422,0.07462500333786011,0.007180299423635006,0.005596930533647538,0.027668872103095054
-0.11740271747112274,0.08135474473237991,0.0061357423663139345,-0.06574013382196427,-0.11162094175815582,-0.032571942824870345,-0.07176812067627907,-0.13906862437725068,0.0999043494462967,-0.050216077268123625,0.21472338140010833,-0.04451720304787159,-0.20115643441677095,-0.12069394439458847,-0.05832676067948341,0.1828072726726532,-0.11356936544179916,-0.12392593771219254,-0.045539114624261856,0.051114678382873535,0.07408964186906815,0.01255576852709055,0.06644292101264,0.057792944833636284,-0.06889957040548325,-0.294561505317688,-0.10207307636737824,-0.06045459732413292,-0.02279724329710007,-0.03088846877217293,-0.03343534003943205,0.05423795580863953,-0.19468770325183868,-0.0658420130610466,0.06849429607391358,0.10883874446153641,-0.02917169313877821,-0.032090669870376586,0.17910320460796356,-0.008565211109817028,-0.2500486671924591,0.0440041109919548,0.08579306453466415,0.2394164025783539,0.1970152050256729,0.04940458945930004,0.028743680380284787,-0.1400287017226219,0.10682827532291413,-0.12242808192968369,0.09296943396329879,0.1380869448184967,0.14043908268213273,0.02630041502416134,0.005546017549932003,-0.13576342761516572,0.04068901464343071,0.13879607617855072,-0.09373033791780472,0.023519984586164354,0.1109240397810936,-0.008453495055437087,-0.03881245404481888,-0.114247365295887,0.23096053600311278,0.05379893183708191,-0.14921551644802095,-0.20065412819385528,0.11150356233119965,-0.11200090646743774,-0.10537420660257339,0.09506368190050125,-0.21767428815364837,-0.17713264524936675,-0.3099838376045227,0.018988090753555297,0.35940988063812257,0.08541072458028794,-0.21415829360485078,0.029848406650125982,-0.02598000820726156,0.03166203359141946,0.05768384039402008,0.1602317988872528,-0.021257681772112846,0.0263053048402071,-0.06790491566061974,-0.05453914925456047,0.23128532171249389,-0.05767664983868599,-0.05826171264052391,0.22448535561561583,0.012080485280603171,0.06469575762748718,0.0030218124389648437,-0.009861401747912169,0.0026001181453466416,0.026103032939136028,-0.14064740091562272,-0.018812033534049987,0.0024731999263167383,-0.0641548477113247,-0.01774178268387914,0.12367743849754334,-0.16798604428768157,0.11678440123796463,-0.0006465903017669917,0.09401858001947402,0.021546094492077828,0.02694474784657359,-0.12827437818050386,-0.06735358610749245,0.13327340334653853,-0.20417685508728028,0.23803862631320954,0.16297051012516023,0.11526996195316315,0.04318627044558525,0.1696000725030899,0.11833085566759109,0.026984429731965066,0.041606002300977704,-0.18904592394828795,-0.024499694630503655,0.13067150563001634,-0.07291765734553338,0.10508280396461486,0.03659095503389835
-0.03488007674459368,0.07164464890956879,0.06821240484714508,-0.05984966680407524,-0.08204182684421539,-0.025493153277784585,-0.051766354218125345,-0.12087738513946533,0.12366834431886672,-0.12381209433078766,0.21005932092666627,-0.07749383449554444,-0.20192591845989227,-0.04576438646763563,-0.039219748228788376,0.1967313677072525,-0.1448196828365326,-0.12440021187067032,-0.10135557651519775,-0.02530141994357109,0.03192365560680628,0.045922765880823134,0.01856854446232319,0.029508877918124198,-0.11172301769256592,-0.34852004051208496,-0.07879823297262192,-0.065602258592844,-0.008266186900436878,-0.006414014752954245,-0.07218013256788254,0.06864838898181916,-0.1329294979572296,-0.020217300951480867,0.07417529299855233,0.10066588968038559,-0.005485656671226025,-0.0824242040514946,0.1957602709531784,-0.0019794009625911714,-0.25910053253173826,0.030654984712600707,0.08304350674152375,0.2041139930486679,0.19251863062381744,0.04175391774624586,0.05895800106227398,-0.15566959977149963,0.1466968536376953,-0.13904056400060655,0.06968318931758404,0.12456760257482528,0.05808558166027069,0.0694130964577198,0.008712824247777463,-0.14347138553857802,0.03442806266248226,0.12441521883010864,-0.09836675226688385,-0.009186657518148423,0.1131944164633751,-0.09128057211637497,-0.029195474460721016,-0.0651120699942112,0.2050412893295288,0.031501016765832904,-0.12328287959098816,-0.19789162278175354,0.11128600537776948,-0.14556382298469545,-0.09851752370595931,0.055700215697288516,-0.18083948791027069,-0.1456918567419052,-0.3104568302631378,0.027279709838330744,0.43097211718559264,0.10005271136760711,-0.1748786062002182,0.0524938628077507,-0.027963224425911905,-0.020787162333726884,0.14211951494216918,0.19070438146591187,-0.0032831788063049316,0.0016584012657403946,-0.07941443696618081,0.007325297780334949,0.26728094816207887,-0.06746763437986374,-0.04111498557031155,0.19660423696041107,-0.016036281548440456,0.09210293889045715,-0.02026906218379736,0.02548887536395341,-0.08310331255197526,0.07264591753482819,-0.09696400910615921,-0.0036328742280602455,0.07453540042042732,0.010333153419196606,-0.006006837356835604,0.12206741571426391,-0.18104588985443115,0.14878481328487397,-0.03399098655208945,0.051776865124702455,0.06836782470345497,-0.006230832636356353,-0.07822581902146339,-0.06696072816848755,0.15001675486564636,-0.19049640297889708,0.14371512830257416,0.17591992616653443,0.10186272114515305,0.0971819207072258,0.14966368675231934,0.08729357421398162,0.043297285586595534,0.00905370395630598,-0.2751433789730072,-0.019355036690831183,0.11437050849199296,-0.025034706667065622,0.09277928173542023,0.028780296072363855
-0.1293814942240715,0.08508462607860565,0.004927639476954937,-0.06191210076212883,-0.11606895476579666,-0.011657938174903393,-0.07352363765239715,-0.1469301998615265,0.07903871089220046,-0.10538390427827835,0.20253037214279174,-0.05543887466192245,-0.23189786970615386,-0.12385429441928864,-0.08301564007997513,0.17632152438163756,-0.1351537823677063,-0.1556977778673172,-0.05242384225130081,0.008652322180569171,0.06692020297050476,0.0011826355941593647,0.01029876759275794,0.07396185100078582,-0.02163107357919216,-0.30340805649757385,-0.08095124810934066,-0.06730584278702736,0.01892469432204962,-0.03771545290946961,-0.06525620743632317,-0.005807269597426057,-0.20619826018810272,-0.05809071362018585,0.0577602818608284,0.09253293722867965,-0.008263090066611767,0.0012600942514836787,0.15881274938583373,-0.05439012423157692,-0.2329153299331665,0.08302453756332398,0.10437598526477813,0.2490018606185913,0.14703280329704285,0.07417142391204834,0.020217176526784897,-0.1413567215204239,0.11467840373516083,-0.11882065534591675,0.07325096726417542,0.139805206656456,0.15494839549064637,0.009750181809067726,0.03955902978777885,-0.19941673874855043,0.001553390733897686,0.1559845417737961,-0.08355773538351059,0.06439801529049874,0.0931905448436737,-0.014476247690618038,0.017020748741924763,-0.09571052491664886,0.2523476004600525,0.012959145940840244,-0.14577297270298004,-0.20888457596302032,0.13307397663593293,-0.11590314656496048,-0.056231032311916354,0.07363040447235107,-0.17380372881889344,-0.1704303205013275,-0.29576550126075746,0.062220269441604616,0.3747087001800537,0.1240326926112175,-0.15873039066791533,0.07030135244131089,-0.0468600332736969,0.017395169474184513,0.07890083193778992,0.12148983180522918,-0.04312238469719887,0.03239333517849445,-0.08104356825351715,-0.004380903765559196,0.20896609425544738,-0.03780386038124561,-0.02346956543624401,0.18640025854110717,-0.005280348844826222,0.07128795981407166,-0.025633057206869127,-0.029348978772759438,-0.06361822485923767,0.047107063233852386,-0.1591204047203064,0.024250275269150735,-0.05317041948437691,-0.05277614891529083,0.02971026711165905,0.09980522245168685,-0.140300652384758,0.04449453875422478,-0.012132763676345349,0.052331600338220596,-0.060234423726797104,0.0680172547698021,-0.14695994555950165,-0.03863341733813286,0.0981237068772316,-0.2563022553920746,0.28375686407089235,0.17745594680309296,0.1681587040424347,0.06922843605279923,0.1888183146715164,0.036154544726014134,0.07755852341651917,-0.006201686710119248,-0.18548288941383362,-0.033568482473492624,0.14357446432113646,-0.09205989390611649,0.12766704708337784,0.047319141775369646
-0.06529388874769211,0.06417146325111389,-0.012145845964550973,-0.017706653894856574,-0.10725763738155365,-0.028229976072907448,-0.007563059031963348,-0.1736912101507187,0.1195625588297844,-0.12464840263128281,0.28011647462844846,-0.05094591900706291,-0.22034259438514708,-0.15420256853103637,-0.049618983268737794,0.17785568833351134,-0.20499265789985657,-0.10084025859832764,-0.07078439444303512,-0.009690992906689644,0.08065305203199387,-0.05623488798737526,0.09401544779539109,0.07346458658576012,-0.046560639142990114,-0.35322225689888,-0.10778655856847763,-0.09923780262470246,0.044209522753953935,-0.05082991644740105,-0.04108904451131821,0.0007724576978944242,-0.1663878709077835,-0.052997200191020964,-0.00938568813726306,0.05497417151927948,-0.022520729061216115,-0.08025489002466202,0.21746357381343842,-0.06690363883972168,-0.2128230720758438,0.04100278429687023,0.05504839569330215,0.2048521101474762,0.19754096269607543,0.08313265442848206,0.007056333497166634,-0.14135943502187728,0.13247666209936143,-0.14858634471893312,0.09240779429674148,0.1393381178379059,0.09010468572378158,0.01670355275273323,0.009128118120133876,-0.12826839834451675,0.04457447677850723,0.1074668750166893,-0.10734351873397827,-0.0006602993700653315,0.1026425987482071,-0.05026260316371918,0.012532217055559158,-0.04508712533861399,0.23265988528728485,0.06854320839047431,-0.11542942225933076,-0.15439468622207642,0.10156784877181053,-0.16518687903881074,-0.07444799467921256,0.029578275606036188,-0.1899809181690216,-0.17786327004432678,-0.3129862666130066,0.03877547010779381,0.4402288138866425,0.1185574248433113,-0.15163052082061768,0.002313384972512722,-0.06608590260148048,-0.002705992478877306,0.15919341146945953,0.15174165964126587,-0.030811647325754164,-0.07271772623062134,-0.1596078246831894,0.006980620883405208,0.18164901435375214,-0.0820967972278595,-0.05746127143502235,0.24485109746456146,-0.016288826800882818,0.07231274619698524,-0.003233819641172886,0.02719018319621682,-0.07979459315538406,0.1142181247472763,-0.08337151855230332,0.030598109215497972,0.09745462238788605,-0.03842065148055553,0.016949402075260876,0.09334711730480194,-0.1384829491376877,0.06111155897378921,-0.043499792367219924,0.07347014099359513,0.08536506742238999,-0.020617953129112722,-0.15649645328521727,-0.07812469154596328,0.11808139383792877,-0.2054193824529648,0.2368888169527054,0.17520235180854798,0.08391471728682517,0.09777987003326416,0.14907354414463042,0.12637886106967927,0.014508465863764286,-0.021991624496877193,-0.23767307102680207,0.004557784041389823,0.10037823915481567,-0.03324398025870323,0.10684169679880143,0.018430622667074202
-0.03714400790631771,-0.012654455937445163,0.04976831898093224,-0.01367795690894127,-0.06481958106160164,-0.04096332415938377,0.00401711743324995,-0.10291415601968765,0.14295946359634398,-0.1210108071565628,0.2501592725515366,-0.09030953794717789,-0.25394914746284486,-0.09869970977306367,-0.11073078066110612,0.15101375579833984,-0.12640174925327302,-0.06055804118514061,-0.012316836044192314,0.03463645167648792,0.14373856782913208,0.03627375662326813,0.016146297752857208,0.036134953051805495,-0.027804669365286826,-0.32708298563957217,-0.14541372060775756,-0.10498340129852295,-0.000826127827167511,-0.08787685334682464,-0.02989068441092968,0.05613320767879486,-0.13537815511226653,-0.04501546025276184,-0.035804903507232665,0.042356029897928235,-0.023617695644497873,-0.07207561880350113,0.17597282230854033,-0.028988358005881308,-0.2194937825202942,-0.01524069979786873,0.05012859329581261,0.20476827323436736,0.16200833022594452,0.0700805127620697,0.00039741210639476776,-0.12977326214313506,0.042195826023817065,-0.14100939631462098,0.0003954565152525902,0.13605054020881652,0.08258676081895829,0.0359200119972229,-0.00427938336506486,-0.10992963314056396,0.030957105010747908,0.08265431225299835,-0.1401167929172516,0.0006241060327738523,0.07280687391757965,-0.07760054767131805,-0.01402717800810933,-0.007020733598619699,0.18600055277347566,-0.015029708296060562,-0.091335928440094,-0.17030080258846284,0.14262039065361024,-0.22908057570457457,-0.11274130642414093,0.055323900282382966,-0.16187068521976472,-0.18833195865154267,-0.2911292016506195,-0.0029807187616825103,0.34501110315322875,0.09665634781122208,-0.1374728947877884,0.11730417609214783,-0.06495401710271835,-0.014992926642298699,0.13461040258407592,0.13009312450885774,0.02752186469733715,0.03987050615251064,-0.15097908675670624,-0.01078990064561367,0.17373014986515045,-0.10924898236989974,0.004554724413901567,0.2172287881374359,-0.02363589182496071,0.0426849439740181,0.020824557170271873,-0.004803094174712896,-0.03163686655461788,0.086490198969841,-0.12021266669034958,-0.011136111617088319,0.1117570862174034,-0.015318389236927032,0.0008179318625479937,0.09007582366466522,-0.16215145885944365,0.1068168580532074,-0.027185062319040297,-0.0013751364313066006,0.05779658630490303,-0.0930919036269188,-0.14827341437339783,-0.017310330644249916,0.1808419108390808,-0.19298969209194183,0.16355301141738893,0.1425554245710373,0.08685534596443176,0.09533904492855072,0.14597470164299012,0.10032189935445786,-0.014074873365461826,-0.07449952960014343,-0.28990139365196227,-0.007747253874549642,0.10801878422498704,-0.030096695944666862,0.08641907572746277,-0.014360115583986043
-0.0354074889793992,0.038530745543539524,0.004326909221708775,-0.05685491040349007,-0.12114507406949997,-0.0096461221575737,-0.027314941957592966,-0.028206143528223038,0.1596669837832451,-0.1052978664636612,0.2010846644639969,-0.10371909886598588,-0.19981566369533538,-0.03888313099741936,-0.062301696836948396,0.22699002027511597,-0.19478815495967866,-0.13551177233457565,-0.0519113153219223,0.03648120351135731,0.08663847297430038,0.018680554069578647,-0.034972209855914115,0.08607410490512848,-0.09946492314338684,-0.3437233090400696,-0.07270604074001312,-0.05380273908376694,-0.024320787563920022,-0.12530633360147475,-0.0687865100800991,0.11717249751091004,-0.18190300464630127,-0.09547310695052147,0.05118849501013756,0.11285315155982971,-0.03215853422880173,-0.11528287976980209,0.17738427817821503,0.02599781546741724,-0.27218098044395445,0.05216827355325222,0.11417470574378967,0.26005085110664367,0.14009858518838883,0.00048741921782493593,-0.0014768857508897781,-0.1356056660413742,0.11122516244649887,-0.2212142378091812,0.007694311439990997,0.13271044492721557,0.06014500707387924,0.0738161750137806,-0.006826608255505562,-0.10731803923845291,0.05337209701538086,0.12999596893787385,-0.18697332739830017,0.026746046356856824,0.1128070369362831,-0.06943856105208397,0.007098870351910591,-0.09555355682969094,0.17578363567590713,0.07894009649753571,-0.0814983829855919,-0.19475292563438415,0.14301530569791793,-0.1590372994542122,-0.08940711468458176,0.08980991616845131,-0.11433859020471573,-0.20639696419239045,-0.29568570852279663,-0.015222539007663728,0.39134917259216306,0.12310609221458435,-0.17700162529945374,0.03503669584169984,-0.010295241139829159,-0.04853766644373536,0.14182019829750062,0.17204448878765105,0.035740581527352336,0.026705124974250795,-0.09392272382974624,0.03920585531741381,0.2677850067615509,-0.02005094364285469,-0.016577719477936625,0.19043689966201782,0.048564066365361216,0.02167219277471304,0.05830277800559998,0.042387199401855466,-0.055473997443914416,0.025798813626170158,-0.21287823021411895,0.00518531147390604,-0.031173390708863734,-0.04384441152215004,-0.06274363100528717,0.1300031214952469,-0.11353153586387635,0.1100697547197342,0.0074374279472976925,-0.043739120662212375,-0.022201869543641804,0.007691211625933647,-0.1020616501569748,-0.056548066809773444,0.13012621849775313,-0.19834544956684114,0.13083045184612274,0.15573204755783082,0.10111963301897049,0.07909081131219864,0.08968753516674041,0.09722603559494018,-0.008752892632037402,-0.07463528960943222,-0.2456755369901657,-0.023628296330571175,0.09740188866853713,-0.021131981071084736,0.07792117148637771,-0.018657966703176498
-0.08194216936826706,0.0465583011507988,0.05094637908041477,-0.009647993976250291,-0.09715446233749389,-0.05935211479663849,-2.8942525386810302e-05,-0.110739304125309,0.12377023547887803,-0.11134786307811737,0.2642708957195282,-0.10027370154857636,-0.1995597630739212,-0.11654006838798522,-0.008178396988660097,0.18831122517585755,-0.16080293655395508,-0.06571602076292038,-0.05236163958907127,0.02895332910120487,0.10524472743272781,-0.015280254930257798,0.023468832951039076,0.02137947753071785,-0.041458810493350026,-0.37426045536994934,-0.08492036312818527,-0.08832236230373383,0.04423881210386753,-0.08849767148494721,-0.06635032445192338,0.009184895420912654,-0.17588399946689606,-0.09156738072633744,0.0010531622916460036,-0.016575464606285097,-0.027529762731865047,-0.044048912823200226,0.19717697203159332,-0.02392759472131729,-0.2594234198331833,-0.017386596044525506,0.03308724295347929,0.201491117477417,0.13518720418214797,0.062469815462827684,-0.00047651417553424836,-0.18085014820098877,0.11309558749198914,-0.15460173189640045,0.05184894986450672,0.0917941227555275,0.10925857722759247,0.021432819683104752,-0.010730110853910447,-0.10847288519144058,0.0018349062651395799,0.08465947881340981,-0.19940245151519775,0.013486793264746666,0.1169310301542282,-0.06120885461568833,-0.05369784235954285,-0.09757291674613952,0.23437100052833557,0.07117127850651742,-0.1005818173289299,-0.17074666023254395,0.12308383285999298,-0.13322170227766036,-0.04778775461018085,0.03543274868279696,-0.11516396403312683,-0.19528102576732637,-0.30281820297241213,-0.008300113305449486,0.360552179813385,0.0910386398434639,-0.21272482573986054,-0.0018618058413267136,-0.10778340175747872,-0.025547157041728497,0.15642572045326233,0.15817228704690933,0.023254812881350517,0.024152701161801814,-0.05285432487726212,-0.005357786826789379,0.1498337745666504,-0.12098390609025955,-0.0018586906604468822,0.2226496934890747,-0.0009767666459083557,0.0762688435614109,-0.019623740948736666,-0.016260925866663455,-0.08871929794549942,0.07250760272145271,-0.11166410744190217,-0.019791621062904597,0.037809018045663834,0.0016275383532047272,0.050034844502806666,0.11485389918088913,-0.16440514326095582,0.1445051535964012,0.012041359953582288,0.03058046065270901,0.08593316972255707,-0.03225573864765465,-0.07408441007137298,-0.1142354965209961,0.08522179871797561,-0.20427262783050537,0.18306633234024047,0.1468550056219101,0.07179880142211914,0.1145497053861618,0.07701784148812293,0.09894366562366486,0.0008852759376168251,-0.01467764526605606,-0.2610755652189255,0.053835374861955644,0.13345613926649094,-0.03686309121549129,0.062020843476057054,-0.015716224908828735
-0.15141489505767822,0.08838107138872146,0.0985538825392723,0.017000593431293964,-0.066984174400568,-0.06757539361715317,-0.030793989077210426,-0.09972389042377472,0.0843587338924408,-0.03575768396258354,0.3015065431594849,-0.04489139374345541,-0.2170610249042511,-0.1251241073012352,-0.08403417617082595,0.18683396875858307,-0.1472329616546631,-0.072389105707407,-0.030065538920462133,-0.0008488513529300689,0.13532070219516754,-0.041934024542570114,0.03686266904696822,0.06632544472813606,-0.07754354923963547,-0.35327298045158384,-0.0911445215344429,-0.07947841584682465,0.052132551372051236,-0.07565111070871353,-0.04157954081892967,0.04364385902881622,-0.17790101766586303,-0.08454126566648483,0.018310586176812648,0.057308216020464896,-0.006824303139001131,-0.08100234866142272,0.1781237930059433,-0.043214019387960434,-0.20596010088920594,0.040389882028102876,0.0796655297279358,0.25605196952819825,0.12644271850585936,0.10694617927074432,0.032101073488593104,-0.13177345395088197,0.06917387172579766,-0.18411090970039368,0.07444803267717362,0.13596749901771546,0.12572840899229049,0.060144911706447604,0.012680821493268013,-0.16939806044101716,0.06755008175969124,0.04575343169271946,-0.21670974791049957,0.016579392179846764,0.07197990119457245,-0.0644952416419983,0.032429726980626586,-0.08009116724133492,0.24358534514904023,0.10462351888418198,-0.12802738845348358,-0.11526502519845963,0.1184581071138382,-0.12513807713985442,-0.023184057045727968,0.04607430268079042,-0.15036228895187378,-0.1881840020418167,-0.34592544436454775,0.07885976582765579,0.40735424160957334,0.17239750623703004,-0.16788553595542907,0.028531699255108834,-0.10339606553316116,0.007305836118757725,0.08406386077404022,0.12173220068216324,-0.07616306841373444,0.0006501786410808563,-0.0974423572421074,0.000244252011179924,0.14207006394863128,-0.033718401566147804,-0.06126976013183594,0.2126550257205963,0.01930292695760727,0.032760517485439775,0.005515720415860415,0.02425389438867569,-0.10829906314611434,0.03263189122080803,-0.09945814460515975,-0.00455410648137331,0.012892912887036801,-0.03741478063166141,0.058359257876873016,0.11091035604476929,-0.16932436525821687,0.057180657237768176,-0.010165502643212676,2.457220107316971e-05,0.025631143897771835,0.047177883610129354,-0.15242581963539123,-0.08460845351219178,0.05948154777288437,-0.24581529200077057,0.25212269723415376,0.17951982617378234,0.11554069370031357,0.12968734800815582,0.16110577583312988,0.10591386556625366,0.001746099628508091,-0.036487949825823304,-0.10658406913280487,-0.019799029640853404,0.13607992380857467,-0.040943903475999834,0.1320452019572258,0.019377742800861596
-0.056306300312280656,0.07006034404039382,0.042053894698619844,-0.005258061457425356,-0.017479696497321128,-0.08469895273447037,-0.04649507328867912,-0.12176023870706558,0.09195140451192856,-0.09879505336284637,0.21388534009456633,-0.08149907737970352,-0.17239752411842346,-0.11788976639509201,-0.04619466923177242,0.17780492901802064,-0.1738984018564224,-0.10775485932826996,-0.09093217849731446,-0.02780749276280403,0.0678809106349945,-0.015898892655968666,-0.005792075116187334,0.05334763750433922,-0.03431564681231976,-0.30089213252067565,-0.09294956624507904,-0.08700525760650635,0.08098810762166977,-0.030301841907203197,-0.056050799787044525,-0.02494745925068855,-0.14889687895774842,-0.06561888009309769,0.0397174833342433,0.03821524642407894,-0.0029169830260798333,-0.08876631930470466,0.20865686535835265,-0.015637171268463135,-0.16381711065769194,0.06602314561605453,0.03317512758076191,0.24600504636764525,0.19873959124088286,0.07617781162261963,0.03863730356097221,-0.14566490948200225,0.1758718878030777,-0.11905992776155472,-0.002268652990460396,0.1453881397843361,0.1009914979338646,0.07984126806259155,0.0046019995585083965,-0.14188228249549867,0.02837258726358414,0.11443526744842529,-0.14610288739204408,0.023478149622678756,0.06276977211236953,-0.028703994676470758,0.011285084299743176,-0.08711510896682739,0.26179354786872866,0.016357858292758466,-0.15003817081451415,-0.16587168872356414,0.1350116714835167,-0.15081723630428315,-0.050240755826234815,0.002621518634259701,-0.15690163969993592,-0.13163334876298904,-0.26514378786087034,0.04447378516197205,0.3983294665813446,0.11002298295497895,-0.1824525237083435,0.06109305694699287,-0.09475632160902023,-0.02923402227461338,0.10742820799350739,0.14394906610250474,-0.030955787375569345,0.0051083587110042575,-0.06290117278695107,-0.04879351258277893,0.21230165660381317,-0.04792811274528504,-0.01942767407745123,0.1770034223794937,-0.027486605569720268,0.06684567034244537,-0.014563770219683646,-0.053811794891953466,-0.11711857914924621,0.06528932452201844,-0.08592842072248459,-0.008706345036625863,0.007097736280411482,-0.043890345469117166,0.057398805022239686,0.08947805911302567,-0.12684400081634523,0.1321304127573967,-0.009544814098626375,0.07745973318815232,0.026860105618834496,0.05412968955934048,-0.13403749763965606,-0.06025834009051323,0.12515062242746353,-0.20190987288951873,0.23161150217056276,0.1619343489408493,0.1324424758553505,0.08656962960958481,0.13847544491291047,0.12007115483283996,0.0021755389869213106,0.0557852104306221,-0.19057970345020295,-0.02212734939530492,0.08359457403421403,-0.014414114132523536,0.11882002204656601,0.013273094408214092
-0.001702505722641945,0.0942350447177887,0.11486758887767792,0.013753099692985415,-0.06989674419164657,-0.12339932918548584,-0.04049410857260227,-0.08976659774780274,0.10442037880420685,-0.10234036296606064,0.2589127838611603,-0.023400834947824477,-0.20134900212287904,-0.07220335230231285,-0.04078771099448204,0.169330170750618,-0.15788154304027557,-0.07639614343643189,-0.07051903083920479,0.011732561700046062,0.11302198618650436,0.005291042104363442,0.09218040853738785,0.037341960705816746,0.014267100766301156,-0.37791621685028076,-0.1476006269454956,-0.11398346722126007,0.030116206407546996,-0.09251186102628708,-0.08183070942759514,-0.00022712107747793197,-0.16561457514762878,-0.08309052884578705,-0.03338660020381212,-0.003219375014305115,-0.01778276972472668,-0.10434278547763824,0.19302217662334442,0.013388063013553619,-0.19715276658535003,0.05979095660150051,-0.026807958632707594,0.23949746787548065,0.18213735818862914,0.032115029916167256,0.056959616392850874,-0.12914887368679046,0.04000728651881218,-0.17024971246719361,0.0640022911131382,0.11512016654014587,0.14994975924491882,0.03632757887244224,-0.010325608681887389,-0.09211161881685256,0.0772498294711113,0.03051958791911602,-0.17167250514030458,0.019545873906463385,0.1395180866122246,-0.1025531455874443,-0.04621346704661846,-0.02220706958323717,0.26135474145412446,0.07474076747894287,-0.08879854083061219,-0.11641885042190551,0.11883249878883362,-0.16209348142147065,-0.07377848327159882,-0.029493631981313228,-0.15856431126594545,-0.1541010022163391,-0.27530416250228884,0.0575297512114048,0.3844934105873108,0.10829939395189285,-0.23906278610229492,0.06991038806736469,-0.1382346749305725,0.033232854679226875,0.09015498012304306,0.13199650198221208,-0.08576417416334152,0.06892815083265305,-0.14856860637664795,0.04850898794829846,0.14406620264053344,-0.12216764688491821,-0.020230457372963428,0.2561628520488739,0.006234484910964966,0.08220847994089127,0.08839267790317536,-0.03402739483863115,-0.019219765812158583,0.0341768529266119,-0.1352475330233574,0.04165433049201965,0.09132446348667145,-0.10484014004468918,-0.045666636899113655,0.06868340745568276,-0.1759170651435852,0.06188964918255806,-0.03695282638072968,-0.02936505675315857,0.07726482599973679,-0.020343082118779422,-0.1673714429140091,-0.1317884534597397,0.14869479238986968,-0.17590525150299072,0.18548527359962463,0.20526962876319885,0.07349718362092972,0.11745659559965134,0.11777373850345611,0.15121984481811523,-0.027636705338954924,-0.05819176584482193,-0.21844673454761504,0.019346286170184614,0.14892117977142333,0.022570075839757918,0.05277025625109673,0.019694247096776963
-0.07875940501689911,0.023663758486509322,0.05127047523856163,-0.07279517948627472,-0.08475422859191895,-0.03044152446091175,-0.0014752129092812539,-0.18681683540344238,0.2009680062532425,-0.13834355026483536,0.2774143099784851,-0.08489746153354645,-0.1641740083694458,-0.08269797116518021,-0.040476367250084876,0.1906997174024582,-0.171269428730011,-0.18356011807918549,-0.030997473746538162,-0.06484798192977906,0.01952200261875987,-0.0977470561861992,-0.008649037592113018,0.11210615783929825,-0.07873011529445648,-0.27827219367027284,-0.13905839622020721,-0.11696097403764724,-0.013898919709026814,-0.03417869266122579,0.02416288945823908,0.09172496646642685,-0.2090252161026001,-0.0272702656686306,-0.015646589547395708,0.045493928343057634,0.01959122121334076,-0.03706072438508272,0.2077059864997864,-0.009526996314525605,-0.1868564546108246,0.04226857218891382,0.0063928993418812755,0.2276931494474411,0.17798706293106079,0.029106021020561458,-0.005903659388422966,-0.05738000124692917,0.08440583944320679,-0.11818612962961197,0.08050301671028137,0.13602267801761628,0.12578199654817582,0.0019470484927296638,-0.02940973173826933,-0.14446839094161987,-0.014709550142288207,0.1270146444439888,-0.16267268657684325,0.06739913076162338,0.08444983959197998,-0.14536938220262527,-0.08404190093278885,-0.07842708155512809,0.2591006815433502,0.1806231528520584,-0.11512881070375443,-0.21094416975975036,0.20547172725200652,-0.1066466897726059,-0.09142869114875793,0.02320227101445198,-0.23714674413204193,-0.13495596796274184,-0.2942670464515686,0.06140164360404014,0.4358958303928375,0.03438392579555512,-0.2273375242948532,0.03422631323337555,-0.05401572585105896,0.04858527146279812,0.07625614106655121,0.1626596987247467,0.014313748478889466,-0.04658621363341808,-0.06843446791172028,-0.04790109619498253,0.1491626486182213,-0.023672646656632424,-0.1048053428530693,0.19051551520824433,-0.09093709588050843,0.0031225673854351045,-0.0005741477012634278,-0.035091392218600956,0.008582257851958274,0.041044507175683975,-0.1268383502960205,-0.025486151129007338,-0.031842731311917304,0.00938681960105896,-0.04272965965792537,0.07301902621984482,-0.14475303739309311,0.0902790144085884,-0.00992100713774562,0.041509722173213956,-0.03482721708714962,0.051723059406504034,-0.11908634454011917,-0.055135228484869,0.1649065136909485,-0.2578515917062759,0.23294081091880797,0.14644041955471038,0.07197752967476845,0.10860200822353364,0.08011415600776672,0.1270952194929123,0.03183004017919302,0.013118118420243264,-0.2071041136980057,-0.010835633240640163,0.09467135965824128,-0.03112037144601345,0.09767897203564643,0.06040151342749596
-0.08662937358021736,0.046872372180223464,0.06626869067549705,-0.022993275662884116,-0.06702527031302452,-0.013244159147143364,-0.1344861462712288,-0.10656790733337403,0.11060530841350555,-0.12333239912986756,0.23679250180721284,-0.02047923468053341,-0.19242693483829498,-0.029894881881773472,-0.05498408526182175,0.15926090776920318,-0.16354972422122954,-0.07460525333881378,-0.01309227366000414,-0.03313724007457495,0.0663929559290409,0.028121673269197345,0.026421404629945754,0.023724296409636737,-0.113194340467453,-0.3535605311393738,-0.12485755234956741,-0.0743043377995491,-0.027173382602632044,-0.04253963567316532,-0.0765198066830635,0.028663879819214345,-0.13431285917758942,-0.0011661984026432037,0.023512501269578934,0.060123076662421227,-0.03904116321355104,-0.04086265861988068,0.16723184287548065,0.015405897237360477,-0.20591699182987214,0.016286596655845642,0.05117461979389191,0.21569028496742249,0.16345577090978622,0.09671525657176971,0.020241472497582437,-0.14069104343652725,0.10727856159210206,-0.17863994538784028,0.041945848241448404,0.16763655245304107,0.06101430952548981,0.07153011038899422,-0.03947058916091919,-0.09221558123826981,0.02424961347132921,0.10820113867521286,-0.10768380761146545,0.029329079017043114,0.09013327062129975,-0.10129124224185944,-0.022478599101305008,-0.05472741462290287,0.2497922122478485,0.11102097481489182,-0.14429734647274017,-0.14798845052719117,0.09569443315267563,-0.1454232782125473,-0.11810722649097442,0.01689166985452175,-0.15316554605960847,-0.22187861800193787,-0.2830327689647675,0.044920400530099866,0.3729151785373688,0.09601828008890152,-0.1585775375366211,0.053258060663938525,-0.050991011410951616,-0.024281630385667087,0.12499543875455857,0.1717789113521576,-0.04193645901978016,-0.002295536920428276,-0.05010162740945816,-0.007202969864010811,0.2671509385108948,-0.07495284974575042,0.0009832411073148251,0.21995681822299956,-0.011450633406639099,0.13274920135736465,0.015609773620963097,0.0575008288025856,-0.06287110447883607,0.03892535381019115,-0.11364301443099975,0.014444424770772457,0.03543892204761505,-0.019926733896136285,0.0067683189176023,0.09622062891721725,-0.16226331889629364,0.154058039188385,-0.007473205216228962,0.008787766098976135,0.083087058365345,0.007445801515132189,-0.11310422867536545,-0.11128577440977097,0.14023085832595825,-0.19926043152809142,0.18550507724285126,0.19323065280914306,0.13378814607858658,0.14043956696987153,0.155342036485672,0.11179170534014701,-0.005321087688207627,-0.006993601098656654,-0.2337343692779541,-0.006820071022957563,0.11575981825590134,-0.03225228153169155,0.03760172501206398,-0.0038945475593209268
-0.10927811712026596,0.04585014134645462,0.0351895771920681,-0.09601366370916367,-0.12525728046894075,-0.041494172811508176,-0.09817367345094681,-0.11989295482635498,0.10848643034696578,-0.12523020505905152,0.20218704342842103,-0.032373346388339996,-0.19102998375892638,-0.05267806500196457,-0.08841425627470016,0.15856682658195495,-0.10454614013433457,-0.12898340374231337,-0.08314091712236404,0.02778389472514391,0.024438077537342905,0.0011484727263450622,0.02202615812420845,0.06761781349778176,-0.04237571656703949,-0.29881204962730407,-0.06885316818952561,-0.036157140880823134,-0.0036683814600110055,0.015252259909175336,-0.0897937685251236,0.0386952068656683,-0.17237482964992523,-0.04354605339467525,0.04399752765893936,0.0699696946889162,-0.010040035285055638,-0.0003373287618160248,0.188774037361145,0.028829648345708846,-0.24996222853660582,0.03895485606044531,0.04170344024896622,0.22414789497852325,0.18649473488330842,0.07839379310607911,0.04623383358120918,-0.1535009264945984,0.09434783756732941,-0.16655011475086212,0.03527231141924858,0.1690092369914055,0.12801599204540254,-0.01122418474406004,0.004720581602305174,-0.16952873766422272,0.009907779842615127,0.13665866255760192,-0.0817347638309002,0.03454182334244251,0.08523181527853012,-0.03779726549983024,-0.06530187353491783,-0.15213622152805328,0.2745058238506317,0.1204136624932289,-0.14287748634815217,-0.2020023614168167,0.16550831496715546,-0.1276959866285324,-0.11308335214853286,0.03310697972774505,-0.170753014087677,-0.1372536227107048,-0.2686993986368179,-0.008096041530370713,0.3482524812221527,0.13613273203372955,-0.20761076509952545,0.04682999104261398,-0.08764895796775818,0.04317825362086296,0.06418269351124764,0.11564823240041733,-0.08106125444173813,0.022929344698786734,-0.0349575363099575,-0.08221913129091263,0.20260679423809053,-0.03098093196749687,-0.009837992768734694,0.15962049663066863,0.014379146695137023,0.06789068058133126,0.005376577842980623,-0.04170258231461048,-0.07347318232059478,0.027756020613014697,-0.14662087559700013,-0.01006121076643467,-0.013836157135665416,-0.06372579261660576,0.059417805075645445,0.12405239194631576,-0.18938953876495362,0.11902531385421752,-0.05144246593117714,0.04595204256474972,0.056777526438236234,0.08590641766786575,-0.07584851011633872,-0.08603401333093644,0.1256481945514679,-0.18331622779369355,0.22643456757068633,0.17343878448009492,0.12447580546140671,0.08171471506357193,0.18717998564243316,0.12330332547426223,-0.001927955076098442,0.08484779447317123,-0.19185389280319215,-0.0505463644862175,0.09028881192207336,-0.0965435892343521,0.11081887632608414,0.042995006591081616
0.004624200363953908,0.10527063657840093,0.055148571729660034,0.026735781071086723,-0.08737874776124954,-0.04108998986581961,-0.07422941674788792,-0.07820116852720578,0.09255244334538777,-0.05838919182618459,0.20588329434394836,-0.0727608452240626,-0.17710280418395996,-0.06242147088050842,-0.04792403926452001,0.16305595636367798,-0.20460790892442068,-0.060328759253025055,-0.011979887261986732,0.014728577186663946,0.09266380220651627,0.020229477862206597,0.023690529788533848,0.04038211703300476,-0.04504508773485819,-0.3459359606107076,-0.12906160453955332,-0.11171435068051021,0.09040836493174235,-0.06966067105531693,-0.07024447868267696,0.01197233951340119,-0.14851883550484976,-0.0664800542096297,0.054484690229098,0.0051728781933585806,-0.004053119259576003,-0.0584984061618646,0.2065764715274175,0.011431488829354445,-0.20399394631385803,0.051122876505057015,0.05937243004639944,0.2309479663769404,0.16053209702173868,0.10797845075527827,0.0026226279636224112,-0.12626892824967703,0.07299604391058286,-0.12280100832382838,0.07604177544514339,0.16603052616119385,0.10318945348262787,0.09496731062730153,-0.025082613962392013,-0.12374195456504822,0.053569626063108444,0.08019701267282169,-0.19918235143025717,0.02546363075574239,0.1145852009455363,-0.07129815965890884,0.027748204457263153,-0.008530473336577415,0.24445141355196634,0.06307936708132426,-0.07777878145376842,-0.17726718386014303,0.10021822651227315,-0.18603916466236115,-0.07620539143681526,0.016994102237125237,-0.12886851280927658,-0.13171847661336264,-0.28308798372745514,0.033562839652101197,0.38792723417282104,0.11244068294763565,-0.16649431983629862,0.04753308743238449,-0.06172101820508639,-0.06191245218118032,0.14068175852298737,0.1442452073097229,-0.05032573019464811,-0.015257061459124088,-0.04124575604995092,0.006237585097551346,0.18980213503042856,-0.07600858310858409,-0.003311285205806295,0.19141076505184174,-0.021469158741335075,0.06581422065695126,0.02288990623007218,-0.025121519652505715,-0.050465126521885395,0.05719320227702459,-0.08409711346030235,0.008415479212999344,0.02075845779230197,-0.06476866578062375,0.017944689141586423,0.11743324001630147,-0.20442413787047067,0.0750037208199501,-0.001873133781676491,-0.03743290901184082,0.05281648660699526,0.023851634313662846,-0.1457900901635488,-0.08640131975213687,0.17006652553876242,-0.23274299502372742,0.26033884286880493,0.17684511840343475,0.08333265657226245,0.09191375722487767,0.1027196819583575,0.13151059548060098,0.004473197429130475,-0.056486405432224274,-0.19132825235525766,-0.008032740248988071,0.12040252735217412,-0.04062459121147791,0.07587005198001862,-0.013814408952991167
-0.06665135845541954,0.06617046669125556,-0.005180099792778492,-0.08690755143761635,-0.1486314445734024,0.02590339109301567,-0.058222534507513045,-0.09788597375154495,0.11712280064821243,-0.11556486934423446,0.2351666122674942,-0.06240845769643784,-0.19440355598926545,-0.07271766662597656,-0.06592726707458496,0.16526562571525574,-0.10652692914009095,-0.1591077983379364,-0.05551521927118301,-0.0004091398790478706,0.0940594419836998,0.020603281632065772,-0.02227244433015585,0.04590054713189602,-0.10937017351388931,-0.3232939064502716,-0.06276457756757736,-0.04055514931678772,0.019947624765336514,-0.0703059419989586,-0.05223625004291534,0.03943527564406395,-0.23803634345531463,-0.04102221727371216,0.038852055370807645,0.12271161377429962,-0.025117344595491885,-0.010359079018235207,0.14771543741226195,0.025965263694524766,-0.26195912063121796,0.06149336323142052,0.03172128573060036,0.2526509553194046,0.18873023688793183,0.06797315701842307,0.0016683558002114295,-0.15802089273929595,0.10318617373704911,-0.14350943267345428,0.0504110261797905,0.1423102557659149,0.09402141571044922,0.0271225294098258,-0.02851979564875364,-0.14925972521305084,0.022021875344216825,0.14425159692764283,-0.13355468958616257,0.03197526931762695,0.0828120119869709,-0.09032478928565979,-0.020336141251027583,-0.153763946890831,0.25242202281951903,-0.0012854408472776414,-0.13571776151657106,-0.1984557718038559,0.11892255693674088,-0.13290352523326873,-0.0907700702548027,0.09512612670660019,-0.16115124225616456,-0.1852878749370575,-0.3486517906188965,0.053312278166413304,0.3844181299209595,0.14286962598562242,-0.208139768242836,0.05199045650660992,-0.0072209684178233145,0.03131220974028111,0.11061137318611144,0.15882167220115662,-0.01193186454474926,0.05909592881798744,-0.09645327776670456,0.003516441211104393,0.233501997590065,-0.05544285997748375,-0.042040242627263066,0.21655959486961365,-0.04205109849572182,0.10309069454669953,0.0005246446467936039,0.02674227636307478,-0.09586251229047775,0.02358787730336189,-0.13728706538677216,-0.04738542288541794,0.01058154059574008,-0.036257553845644,0.0072735481895506385,0.15561037361621857,-0.1446976274251938,0.15093875229358672,-0.06516402214765549,0.052893098816275595,-0.01973695158958435,-0.018125130981206893,-0.07881973087787628,-0.05211196318268776,0.14372504949569703,-0.21992651820182801,0.2017504096031189,0.18427097499370576,0.13460123389959336,0.09276741445064544,0.19596391320228576,0.05330333113670349,-0.011917329020798206,0.006788381189107895,-0.2737781286239624,-0.0022588052321225404,0.11051081717014313,-0.09587569236755371,0.14997919797897338,0.017135564144700764
-0.11698527187108994,0.14652860462665557,0.11320786029100419,-0.020438151992857458,-0.08170878291130065,0.012028491031378508,-0.07224598675966262,-0.05790959969162941,0.10902425348758697,-0.09113377183675767,0.25442535281181333,-0.044058530032634734,-0.2442568600177765,-0.02241167686879635,-0.03236396238207817,0.1891812801361084,-0.13219877928495408,-0.10197199285030364,-0.09899767637252807,-0.031098514795303345,0.09367682933807372,0.06834444850683212,0.008865930140018463,-0.0014149020425975323,-0.12807497382164001,-0.3365511357784271,-0.04653025940060616,-0.0664509579539299,-0.0196712052449584,-0.04278897419571877,-0.0831113874912262,0.0603808268904686,-0.1419866904616356,-0.05973694920539856,0.06240218132734299,0.09150180667638778,-0.050479106977581976,-0.009416273050010204,0.22341830730438234,-0.007164859585464001,-0.24663419127464295,0.0843401625752449,0.08092327266931534,0.24733431041240692,0.1762857973575592,0.09236856177449226,0.011041929386556149,-0.07515569478273391,0.07902760654687882,-0.2075476586818695,0.04680921509861946,0.18884553909301757,0.12627150267362594,0.10159362852573395,0.007807040680199861,-0.1330362007021904,0.044742324575781825,0.026065373793244362,-0.09316722005605697,-0.029575275629758833,0.12211410403251648,-0.14530439525842667,-0.010524608753621578,-0.03410662245005369,0.20374561548233033,0.03817248344421387,-0.10897876769304275,-0.1458923488855362,0.07064917609095574,-0.10360359400510788,-0.12157818377017975,0.058691976219415666,-0.18814511299133302,-0.14522869735956193,-0.3099891245365143,0.05595789179205894,0.4233135461807251,0.12343534529209137,-0.18640663623809814,0.07396124750375747,-0.015431937295943499,0.004386958200484514,0.10686942934989929,0.14562676846981049,-0.0589126355946064,0.02041395641863346,-0.054632925987243654,0.04306061714887619,0.21415760815143586,-0.07438165098428726,-0.0660954900085926,0.1932354062795639,0.0503351204097271,0.12661236226558686,0.030223587434738873,0.010869601089507342,-0.011212075874209405,-0.018506385572254657,-0.11732158958911895,0.0162391877733171,0.060887758433818814,-0.0024950901046395303,0.005851782578974962,0.1146116554737091,-0.17950151562690736,0.13650736808776856,-0.027012773603200913,0.04540465548634529,0.02587329763919115,0.07801535576581956,-0.09955506920814514,-0.05271172523498535,0.11196419298648834,-0.19160488545894622,0.18340442776679994,0.21028261482715607,0.028367732325568794,0.07129228711128235,0.19694851636886596,0.056688617914915085,0.031649460271000865,0.054640093445777894,-0.21818243563175202,-0.10528170615434647,0.14542146623134614,0.0031583620235323905,0.13081078082323075,0.03618507608771324
-0.07429258823394776,0.05808654949069023,0.056766676902771,0.021726701594889163,-0.0803234688937664,-0.056188611686229704,-0.04055301174521446,-0.14516591429710388,0.11573781371116638,-0.07827594727277756,0.25250813364982605,-0.09126023799180985,-0.23075239062309266,-0.08862266317009926,-0.025026248022913932,0.1658140540122986,-0.10053065717220307,-0.12027134448289871,-0.0502262644469738,-0.013120242860168219,0.10387414246797562,-0.0363865815103054,0.0858920156955719,0.06433541923761368,-0.05389023125171662,-0.362095034122467,-0.12289704233407975,-0.07409871444106102,0.0232990900054574,-0.05770178139209747,-0.06078370064496994,0.060434690117836,-0.19895602762699127,-0.0870262011885643,0.002694299258291721,0.08292731493711472,-0.012084724009037017,-0.06045497134327889,0.19754640758037567,-0.05897317007184029,-0.24757451117038726,0.006858089566230774,0.043097344040870664,0.21338996589183806,0.18445297777652742,0.07661102712154388,0.03475907221436501,-0.1586523711681366,0.062121054530143736,-0.14788451492786409,0.11184672564268112,0.14461718797683715,0.04651608839631081,0.05508755594491958,-0.003960959054529667,-0.13698733747005462,0.029286245442926885,0.1334872305393219,-0.11337497532367706,0.02340148836374283,0.1106375738978386,-0.0725925512611866,0.007894004322588443,-0.07422921881079673,0.2304980844259262,0.07632480934262276,-0.0959740474820137,-0.14329743385314941,0.07905857861042023,-0.15246958732604982,-0.06265165954828263,0.07852267920970916,-0.18599299490451812,-0.1939319223165512,-0.35491613745689393,0.04539070688188076,0.42604917883872984,0.06924401968717575,-0.16934351921081542,0.052754249423742294,-0.02840089090168476,0.015869768522679805,0.17421160340309144,0.16321463584899903,-0.0197985228151083,0.019593768380582334,-0.11392721980810165,0.021563135646283628,0.2042001098394394,-0.06373419761657714,-0.055420130491256714,0.22541769444942475,-0.04028036333620548,0.080551777780056,0.04648008346557617,0.09023372530937195,-0.016876090504229068,0.04931022673845291,-0.14050413966178893,0.010602798499166965,0.05864912718534469,-0.027575794607400894,-0.016414061281830074,0.0678485468029976,-0.1519512951374054,0.0502810537815094,-0.014646085584536195,0.060682323575019834,0.03631462957710028,-0.04894543513655662,-0.11831170916557313,-0.07220684140920638,0.13468339145183564,-0.23578115701675414,0.19210109412670134,0.17186537981033326,0.05149309486150742,0.11891624182462693,0.12913183718919755,0.1348448783159256,0.006993966549634934,-0.05658851340413094,-0.2172364056110382,0.04546044059097767,0.14708321690559387,0.017157451063394547,0.0893839254975319,0.028570082411170004
-0.10859262198209763,0.0023720869794487953,0.044342226535081866,-0.08284182399511338,-0.039092158526182176,-0.04583674892783165,-0.03909464031457901,-0.09969299435615539,0.12461593300104142,-0.12305689305067062,0.2584262013435364,-0.08155048787593841,-0.17833759188652037,-0.148932346701622,-0.034616463258862494,0.17864879369735717,-0.19956859350204467,-0.09697854667901992,-0.01399625837802887,-0.05183247327804565,0.09937953352928161,-0.07651080191135406,-0.01761184763163328,0.08703451603651047,-0.18702285885810851,-0.33341279029846194,-0.06664638072252274,-0.11766154468059539,-0.08011864125728607,-0.05372333601117134,-0.022825857717543842,0.05106300637125969,-0.21418658196926116,-0.05755402073264122,-0.021330272033810615,0.07721842676401139,0.0067112585064023735,-0.028741856664419176,0.15426577031612396,0.0009197214618325234,-0.23260278701782228,0.018884098809212446,0.07328950464725495,0.22425064742565154,0.15892246663570403,0.03437892645597458,-0.016286593675613404,-0.05897585153579712,0.15104099810123445,-0.21162062883377075,0.019503163173794746,0.08719375729560852,0.03578811511397362,0.020669952593743803,0.039667967706918716,-0.11251231282949448,0.024905331805348395,0.10544597804546356,-0.17160166800022125,0.050859759002923964,0.0008103274740278721,-0.13336886316537858,-0.028916238248348235,-0.07368573397397996,0.19802534878253936,0.13112669289112092,-0.10241272151470185,-0.18604766130447387,0.1224085345864296,-0.11955375969409943,-0.07705331742763519,0.0742926299571991,-0.1397151380777359,-0.19105887711048125,-0.3830835819244385,0.04175644814968109,0.4139750599861145,0.09390824288129807,-0.18158117830753326,0.045059284567832945,-0.05099795162677765,-0.016979268193244933,0.19449126720428467,0.14481888115406036,0.058442090451717374,0.024229502491652965,-0.05790862664580345,0.007514189556241035,0.19340428709983826,-0.038820894062519075,-0.0856075033545494,0.1882072925567627,-0.07102602571249009,0.07501439154148101,0.006735195126384497,0.010842917207628488,-0.1000190407037735,0.08435396999120712,-0.13371398001909257,0.0064877309836447235,0.06677915528416634,-0.01571713890880346,0.01754332222044468,0.08527308702468872,-0.1543958455324173,0.055975329130887985,0.010359856672585011,0.0026415059342980384,0.013878456130623818,0.056225231289863585,-0.15861030519008637,-0.05389104932546616,0.08730071038007736,-0.26739128232002257,0.23443654775619507,0.198412948846817,0.07631108313798904,0.10749460309743882,0.13588790893554686,0.007942683808505536,0.01276230402290821,0.005363771505653858,-0.1864136964082718,-0.002545341057702899,0.1029667004942894,-0.017441251873970033,0.11187176257371903,-0.022723847627639772
-0.06203075498342514,0.10427742153406143,0.016477348376065494,-0.058719924092292784,-0.06857826858758927,-0.005438667442649603,-0.011483399197459221,-0.14230090379714966,0.16480964422225952,-0.14954372346401215,0.24629878103733063,-0.019453110173344612,-0.24615473449230194,-0.08751329481601715,-0.032663146033883095,0.17665358185768126,-0.10553949326276779,-0.14501699209213256,-0.052081959694623946,-0.023396053910255434,0.08111746162176132,-0.004741998109966517,0.07837499678134918,0.0865165114402771,-0.09150038957595825,-0.33507260084152224,-0.10688049495220184,-0.05555057674646378,-0.05380246415734291,-0.036480266600847244,-0.04178581386804581,0.08238987624645233,-0.1980447828769684,-0.022748874500393867,0.007148529402911663,0.09086221307516099,-0.04218681529164314,-0.0679526910185814,0.20829788446426392,0.005027230270206929,-0.2005944222211838,0.04343995302915573,0.015893069095909595,0.24277419447898865,0.13025438487529756,0.017415692284703254,0.02977486476302147,-0.12814509123563766,0.08728495836257935,-0.16694467663764953,0.03603532910346985,0.14874388873577118,0.04832717031240463,0.057150886952877046,-0.05954182520508766,-0.15616034865379333,0.049346056580543515,0.08527028262615204,-0.09767053574323654,-0.005306070251390338,0.06360206305980683,-0.09979045391082764,-0.0466028168797493,-0.06264513209462166,0.23219170272350312,0.10142256468534469,-0.13037131130695342,-0.16883132457733155,0.08705534189939498,-0.1473286360502243,-0.0627288430929184,0.056306657195091245,-0.2107248306274414,-0.20136935710906984,-0.25495977997779845,0.06734628230333328,0.36290242075920104,0.13685319125652312,-0.16925567090511323,0.030017763003706933,-0.06394726186990737,0.053004182130098346,0.10776223242282867,0.17156942784786225,-0.033964245766401294,0.039067625626921655,-0.11576149612665176,0.048697779327630995,0.22421947121620178,-0.07425281256437302,-0.07865778207778931,0.3032426178455353,0.01529337912797928,0.15185871720314026,0.007408957649022341,-0.0015829312265850603,-0.023082049936056136,0.05641150251030922,-0.15689967572689056,0.046643507480621335,0.029826974496245384,-0.011188616044819355,-0.020168454945087434,0.10581927299499512,-0.1445787161588669,0.09534941613674164,-0.02221875246614218,0.056419364362955096,0.02993610091507435,0.02709066532552242,-0.15286063849925996,-0.11609422713518143,0.09926175177097321,-0.19011326432228087,0.1800721526145935,0.2033332109451294,0.111167773604393,0.10581084936857224,0.1870714694261551,0.08874391913414001,0.041109555214643476,-0.03303750082850456,-0.2409281075000763,0.028488070517778397,0.1672009766101837,-0.004275990184396505,0.06467974483966828,-0.0006902572698891163
-0.12053688317537307,0.038149645552039146,0.014264493901282548,0.01816713819280267,-0.08585740029811859,0.00569854062050581,-0.09313131421804428,-0.12875229567289354,0.11948658227920532,-0.07465313598513604,0.23079610168933867,-0.011925673577934504,-0.1474634364247322,-0.09242392852902412,-0.028448397666215895,0.16413466930389403,-0.15688990652561188,-0.14489323049783706,-0.025809365883469583,-0.007470845058560371,0.03332170825451612,-0.05487567707896233,0.032356300950050355,0.05741477087140083,-0.12917073220014572,-0.37069734930992126,-0.11130739003419876,-0.11002064049243927,0.014889520965516568,-0.06487623900175095,-0.04902924969792366,0.09192336350679398,-0.1380996063351631,0.03360355086624622,0.01383395753800869,0.128169983625412,0.023838617280125617,0.01601658444851637,0.16267098486423492,0.0055946001783013346,-0.27247226536273955,0.015243299584835768,0.0007613766938447952,0.20792567431926728,0.20706504583358765,0.042879069596529006,0.048689888417720796,-0.12977443635463715,0.05671142786741257,-0.13796797394752502,0.09433443248271942,0.19463306665420532,0.08360308855772018,0.06412130519747734,-0.056967069208621976,-0.13143151104450226,0.017394201830029488,0.07658797651529312,-0.10424444824457169,0.01623906400054693,0.11010568290948868,-0.08078644499182701,-0.017135986313223838,-0.02126040756702423,0.21508417129516602,0.1354514926671982,-0.15486485958099366,-0.16676658689975737,0.09397846534848213,-0.1589857667684555,-0.0806777223944664,0.04555256366729736,-0.18407591581344604,-0.21883016526699067,-0.35150198340415956,0.05319353267550468,0.4289809226989746,0.07797206416726113,-0.19143987596035003,0.028210584446787833,-0.073456259816885,-0.0023461883887648583,0.10264461934566498,0.18912743628025055,-0.07682292610406875,-0.008209306187927723,-0.08021490722894668,-0.003774574026465416,0.1985987663269043,-0.006643696315586567,-0.022232028283178808,0.17421898543834685,-0.041643929481506345,0.10834633857011795,0.0176367768086493,0.13481986969709397,-0.0024328941479325296,0.039413581416010854,-0.05154585614800453,0.00612287949770689,0.0048572255298495294,-0.05745133012533188,0.0010002311319112778,0.08980246484279633,-0.16520608961582184,0.1611657276749611,-0.004874800518155098,0.07335304468870163,0.05751475840806961,0.03874734081327915,-0.07804404199123383,-0.07901279851794243,0.15916093289852143,-0.23483092486858367,0.20720871388912201,0.2133347988128662,0.08961605429649352,0.1312909871339798,0.1528716653585434,0.1566800743341446,-0.03787989243865013,-0.031092348508536816,-0.20988015234470367,0.04595475569367409,0.04682542886584997,-0.05596738755702972,0.017439205944538117,0.04090853855013847
-0.06384109705686569,0.04177091307938099,0.03512472743168473,-0.08124158009886742,-0.1398073121905327,-0.007427940191701054,-0.08237326890230179,-0.1257228821516037,0.1620982766151428,-0.12980482429265977,0.23276010751724244,-0.07990091294050217,-0.20861405730247498,-0.03535906951874494,-0.07063116356730462,0.2229950785636902,-0.18487994968891144,-0.16538727581501006,-0.03997160941362381,0.03894198276102543,0.02956346857827157,-0.0076232261024415495,-0.023638424277305604,0.045773882791399954,-0.10261691510677337,-0.36276677846908567,-0.08743672892451286,-0.04004698619246483,-0.028676868975162507,-0.05123424828052521,-0.0548150684684515,0.0729358471930027,-0.17999713122844696,-0.035887131467461586,0.0699171781539917,0.09053469598293304,-0.0014628507196903229,-0.0911368876695633,0.16518799364566802,-0.03600702360272408,-0.30101067423820493,0.04863463118672371,0.1046401396393776,0.22053637206554413,0.15035496801137924,0.018918825965374707,-0.0063127104192972185,-0.1571344256401062,0.14037944823503495,-0.17234624028205872,0.002725406549870968,0.13170069605112075,0.09920848906040192,0.04662321992218495,0.011399550922214985,-0.13866886347532273,0.025150656513869763,0.13722270876169204,-0.10597384572029114,-0.014736817218363285,0.0911409929394722,-0.04502736814320087,0.019454168528318404,-0.1528954416513443,0.23197931945323944,0.04890049993991852,-0.13676294833421707,-0.16763339936733246,0.11124467700719834,-0.10839175581932067,-0.07642548233270645,0.0392386868596077,-0.15679467916488649,-0.2094281256198883,-0.3061061978340149,-0.0309384610503912,0.33926071524620055,0.1152346059679985,-0.21601532995700837,0.05348833370953798,-0.03136437833309173,0.020645670033991335,0.08939333409070968,0.14863419830799102,0.021190702356398104,0.04520551450550556,-0.07334024757146836,-0.0234343484044075,0.27987379431724546,-0.07597145661711693,0.023002182692289354,0.22855591475963594,-0.01662863455712795,0.07203124761581421,-0.012668704055249691,0.02487695962190628,-0.06638769805431366,0.04207585006952286,-0.16228697299957276,0.01703406386077404,-0.004602737724781036,0.006400508247315884,0.009273508563637733,0.12421367019414901,-0.1801557719707489,0.10687681585550309,0.010118774697184562,0.05167424827814102,0.03812957890331745,0.04383460804820061,-0.06731305234134197,-0.09288299232721328,0.13260209262371064,-0.23977496325969697,0.1931219667196274,0.168429371714592,0.09473835676908493,0.09975363612174988,0.11951738744974136,0.06448021410033107,-0.020365235581994056,-0.023786833323538304,-0.21466819941997528,-0.022459388617426156,0.10270519852638245,-0.06509406119585037,0.06697844341397285,0.022333047445863487
-0.10136732459068298,0.05872787535190582,0.05990435928106308,-0.017053358256816864,-0.054602231830358505,-0.022821102291345596,-0.06371362507343292,-0.08927887678146362,0.07575741410255432,-0.06522662192583084,0.3249710202217102,-0.07476480305194855,-0.20494475960731506,-0.1045180931687355,-0.006368469912558794,0.134873628616333,-0.10100095719099045,-0.08484312146902084,-0.0665600523352623,-0.005224237218499184,0.08390193432569504,-0.02243451215326786,0.026268595829606056,0.06927545368671417,-0.08587569743394852,-0.331045925617218,-0.12947334349155426,-0.10048776865005493,0.028898149728775024,-0.11768921464681625,-0.06846933811903,-0.02939227782189846,-0.17826621234416962,-0.05756266042590141,-0.007245345041155815,0.028308816254138947,-0.031032007187604904,-0.07120195031166077,0.2038591206073761,-0.021888243034482002,-0.20430567860603333,0.0849473848938942,0.019885748624801636,0.2192637026309967,0.16190625727176666,0.07514001429080963,0.06823122501373291,-0.14855720102787018,0.11124344915151596,-0.1068182960152626,0.08053745329380035,0.15923579037189484,0.13496442139148712,0.04424047842621803,-0.0611472986638546,-0.1253499686717987,-0.030815765261650085,0.11209650337696075,-0.1221165582537651,0.032185062766075134,0.0767517015337944,-0.03919047489762306,-0.048875823616981506,-0.10515397042036057,0.21269424259662628,0.06702318787574768,-0.16248495876789093,-0.20398369431495667,0.09879434108734131,-0.14115746319293976,-0.06962990760803223,0.08197511732578278,-0.19647681713104248,-0.19761092960834503,-0.29624229669570923,0.12152047455310822,0.38947543501853943,0.047584354877471924,-0.2034119814634323,0.0543692409992218,-0.0918603166937828,-0.024573052302002907,0.022737767547369003,0.19976834952831268,-0.015289604663848877,0.029755044728517532,-0.06749419122934341,-0.0027643367648124695,0.19303148984909058,-0.08259401470422745,0.006638050079345703,0.20822666585445404,0.003421653062105179,0.09928233921527863,0.01229056529700756,0.05293400213122368,-0.07874661684036255,0.02957313507795334,-0.0445302352309227,0.031589046120643616,-0.007902313023805618,-0.026946302503347397,-0.0014490988105535507,0.07483633607625961,-0.1481146216392517,0.17869225144386292,-0.019869910553097725,0.03581086918711662,0.03319874033331871,0.015113122761249542,-0.05817454308271408,-0.11899729818105698,0.10240362584590912,-0.2526699900627136,0.14595282077789307,0.16936808824539185,0.13320906460285187,0.11264254152774811,0.138551726937294,0.15877923369407654,0.01673092134296894,0.06785228103399277,-0.24626056849956512,0.010173439979553223,0.09460306167602539,-0.01517329178750515,0.045742765069007874,0.007566507905721664
-0.1382957100868225,0.10059071332216263,0.07464180886745453,-0.034395731985569,-0.018040109425783157,-0.11773322522640228,-0.024141600355505943,-0.09103364497423172,0.14309951663017273,-0.07084869593381882,0.2532166540622711,-0.06704825907945633,-0.26507940888404846,-0.10300888121128082,-0.05081620812416077,0.2005014270544052,-0.19296348094940186,-0.1384051889181137,-0.054491639137268066,-0.03825414180755615,0.15957453846931458,-0.010412253439426422,0.025337213650345802,0.10874103009700775,-0.08907778561115265,-0.34924256801605225,-0.09296151995658875,-0.049839891493320465,-0.013088421896100044,-0.051297031342983246,-0.01895439624786377,0.06809049844741821,-0.19113510847091675,-0.06229056045413017,0.01134448777884245,0.022390594705939293,0.026521697640419006,-0.03878156468272209,0.19591154158115387,-0.050230517983436584,-0.22319836914539337,0.03249502554535866,0.0586370974779129,0.22390612959861755,0.15160197019577026,0.09182430803775787,0.016514852643013,-0.11415036022663116,0.06179208308458328,-0.14794406294822693,-0.007872354239225388,0.17660804092884064,0.07881175726652145,0.025405574589967728,-0.022081080824136734,-0.14113487303256989,0.02667135000228882,0.06982730329036713,-0.166314497590065,-0.017262471839785576,0.06775747239589691,-0.18526124954223633,-0.01749788410961628,-0.07168734073638916,0.18000952899456024,0.01895449124276638,-0.11247501522302628,-0.1684664785861969,0.1097530946135521,-0.16110265254974365,-0.04424705356359482,0.08570291846990585,-0.14915157854557037,-0.15334315598011017,-0.34008166193962097,0.011310148984193802,0.37116461992263794,0.07035233080387115,-0.14454476535320282,0.09310325235128403,-0.060819026082754135,0.02481723576784134,0.09362020343542099,0.11210854351520538,-0.07601106911897659,0.015974679961800575,-0.14510144293308258,0.026024572551250458,0.17756608128547668,-0.020917989313602448,-0.04913295432925224,0.2001393735408783,0.010125461034476757,0.08421030640602112,0.024299656972289085,0.013951539061963558,-0.05312725156545639,0.017537210136651993,-0.09208185970783234,0.04729659855365753,0.006933196447789669,-0.001963193528354168,-0.013472889550030231,0.06394872814416885,-0.1143665611743927,0.0377085879445076,-0.014728397130966187,0.02409113571047783,-0.0413181371986866,0.0573238730430603,-0.14250510931015015,-0.10882025212049484,0.0624210387468338,-0.21520251035690308,0.1681351363658905,0.1995130032300949,0.0739436075091362,0.09825393557548523,0.10300200432538986,0.08686736971139908,-0.04482793062925339,-0.0209632758051157,-0.17916056513786316,-0.014221757650375366,0.1741626113653183,-0.020982587710022926,0.16392996907234192,-0.010451422072947025
-0.1311536431312561,0.039714835584163666,0.01869952492415905,-0.07043425738811493,-0.10709074884653091,-0.0925350934267044,-0.03231704235076904,-0.11241967976093292,0.0787416622042656,-0.1153486892580986,0.2514082193374634,-0.13536007702350616,-0.18968534469604492,-0.129096120595932,-0.069338858127594,0.1825094074010849,-0.14640244841575623,-0.08969906717538834,-0.06521108746528625,0.007645418867468834,0.13967137038707733,-0.033034797757864,-0.05618460476398468,0.07876390963792801,-0.07674597948789597,-0.31473827362060547,-0.09423969686031342,-0.055939219892024994,0.049291811883449554,-0.0464562363922596,-0.03743358701467514,-0.0026408229023218155,-0.1946001648902893,-0.10341872274875641,0.008386067114770412,0.060679323971271515,0.004987889900803566,-0.07955831289291382,0.13919644057750702,-0.035188451409339905,-0.26707887649536133,0.026616880670189857,0.06793015450239182,0.19532634317874908,0.12865693867206573,0.061064500361680984,0.03874567151069641,-0.15381066501140594,0.15816761553287506,-0.15646925568580627,0.01654030941426754,0.13284842669963837,0.08970127999782562,0.06771457195281982,-0.011346991173923016,-0.1193971186876297,0.04016019403934479,0.20879460871219635,-0.1757851243019104,0.03538275882601738,0.08160079270601273,-0.06068434566259384,0.005026927217841148,-0.10522915422916412,0.20876942574977875,0.0743163526058197,-0.14043833315372467,-0.17296969890594482,0.15150217711925507,-0.14798465371131897,-0.0752350240945816,0.03591499105095863,-0.12621136009693146,-0.18056510388851166,-0.34049832820892334,0.05410056933760643,0.35555794835090637,0.12807099521160126,-0.1695270985364914,0.04180431365966797,-0.07420651614665985,0.03252886235713959,0.1537964791059494,0.15439170598983765,0.026476476341485977,0.006292538717389107,-0.04843135178089142,-0.04691564291715622,0.20723167061805725,-0.05435582995414734,0.009099128656089306,0.21139444410800934,-0.006719281896948814,0.05654147267341614,-0.012891774997115135,0.028582170605659485,-0.1112537607550621,0.04527765139937401,-0.046435095369815826,0.041133083403110504,0.036585886031389236,-0.05228981375694275,0.03398045152425766,0.09835546463727951,-0.14399011433124542,0.12822163105010986,-0.016808290034532547,0.07051242887973785,0.014166399836540222,-0.0044498443603515625,-0.051653265953063965,-0.0530598908662796,0.07238281518220901,-0.2023034244775772,0.2616557776927948,0.17734456062316895,0.09310374408960342,0.11684472113847733,0.1540626883506775,0.074948251247406,0.02479809895157814,-0.03131702542304993,-0.18963418900966644,-0.030223634093999863,0.11986515671014786,-0.06465547531843185,0.08217918872833252,-0.015936508774757385
-0.15320166945457458,0.03502143174409866,0.003890153020620346,-0.053719379007816315,-0.08785594254732132,-0.12199664115905762,-0.037333473563194275,-0.07456126064062119,0.08709238469600677,-0.052339933812618256,0.28184249997138977,-0.09623067826032639,-0.22420813143253326,-0.10796280950307846,-0.0375153124332428,0.13613462448120117,-0.20820097625255585,-0.04177843779325485,-0.010007210075855255,-0.028603313490748405,0.13012398779392242,-0.019878219813108444,0.015877924859523773,0.09923077374696732,-0.04133634269237518,-0.3431042432785034,-0.10723934322595596,-0.09271691739559174,0.03607809171080589,-0.04503026232123375,0.00995838176459074,0.06867700815200806,-0.15737484395503998,-0.07823184877634048,0.054529860615730286,0.08553612232208252,-0.01878824084997177,-0.03416704386472702,0.17859342694282532,-0.0538945272564888,-0.13051581382751465,-0.036442145705223083,0.061279892921447754,0.2006724327802658,0.15796546638011932,0.08402649313211441,-0.010017463937401772,-0.05616810545325279,0.07080403715372086,-0.2074003368616104,-0.02396925911307335,0.18093805015087128,0.08400702476501465,0.06918095052242279,0.012379948049783707,-0.1024361327290535,0.058385103940963745,0.16101936995983124,-0.18626484274864197,-0.009124457836151123,0.005032374057918787,-0.12368255108594894,0.003577444702386856,-0.03937200829386711,0.25313428044319153,0.07487110793590546,-0.13612152636051178,-0.1456572413444519,0.08914497494697571,-0.1463666409254074,-0.09169353544712067,0.06812276691198349,-0.15674109756946564,-0.17199480533599854,-0.26829367876052856,0.04327475652098656,0.37760642170906067,0.10151862353086472,-0.11506886780261993,0.07045944780111313,-0.09505602717399597,-0.05539073050022125,0.07148858159780502,0.05794806033372879,-0.03769733011722565,-0.05421847105026245,-0.10156279057264328,-0.0008831769227981567,0.15061379969120026,-0.055561959743499756,-0.013814584352076054,0.18790072202682495,-0.047688908874988556,0.11529615521430969,0.005087601486593485,-0.022507870569825172,-0.050199542194604874,0.024571005254983902,-0.05155168101191521,-0.014850877225399017,0.043393559753894806,-0.07450241595506668,0.014750881120562553,0.07336541265249252,-0.1675902009010315,0.04990167170763016,-0.026056582108139992,0.010707342997193336,-0.004537603352218866,-0.012743066996335983,-0.10957798361778259,-0.024796640500426292,0.10432501882314682,-0.2583518922328949,0.2827921509742737,0.19669699668884277,0.07542746514081955,0.13162192702293396,0.08581197261810303,0.024863749742507935,-0.0010458147153258324,-0.05095043033361435,-0.13565877079963684,-0.02622614987194538,0.10289657860994339,-0.0148511603474617,0.07067059725522995,-0.0544983334839344
